year,cost_gbp,cost_gbp_2024
2016,5048474.7,6642992.946831683
2017,117562461.66999999,150811304.5940444
2018,549449341.35,688885070.4284434
2019,962991821.4,1187213479.2584414
2020,1005762270.75,1227417867.609504
2021,1061708952.85,1264346951.9154572
2022,646942043.17,713515332.2596929
2023,898210217.37,928243684.98035
2024,1256981395.4,1256981395.4
2025,1431463285.03,1378561381.0180218
2026,533961852.97,514228480.1428479
