year,cost_gbp,cost_gbp_2024
2016,10265134.72,13507291.131564358
2017,247990324.56,318126584.305251
2018,396149560.11,496681854.13791513
2019,408642931.58,503790775.5749722
2020,542693552.73,662295437.6291735
2021,406713293.06,484338679.63865596
2022,-52066026.06,-57423857.7873361
2023,-11619997.48,-12008535.498382581
2024,398314886.48,398314886.48
2025,553494161.32,533038942.3146957
2026,248849358.66,239652751.92691305
