{
 "generated_at": "2026-06-15T07:21:20.205067+00:00",
 "perspectives": {
  "renewables": {
   "cumulative_gbp": 108663631613.69441,
   "runrate_gbp_per_year": 12879824944.37447,
   "rate_gbp_per_sec": 408.13702386665875,
   "per_household_per_year_gbp": 444.13,
   "per_person_per_year_gbp": 185.86,
   "per_mwh_delivered_gbp": 47.04,
   "since_year": 2002,
   "real_2024": {
    "cumulative_gbp": 131725776558.19978,
    "runrate_gbp_per_year": 12403831413.8215,
    "rate_gbp_per_sec": 393.05369907158655,
    "per_household_per_year_gbp": 427.72,
    "per_person_per_year_gbp": 178.99,
    "per_mwh_delivered_gbp": 45.3
   }
  },
  "low_carbon": {
   "cumulative_gbp": 108663631613.69441,
   "runrate_gbp_per_year": 12879824944.37447,
   "rate_gbp_per_sec": 408.13702386665875,
   "per_household_per_year_gbp": 444.13,
   "per_person_per_year_gbp": 185.86,
   "per_mwh_delivered_gbp": 47.04,
   "since_year": 2002,
   "real_2024": {
    "cumulative_gbp": 131725776558.19978,
    "runrate_gbp_per_year": 12403831413.8215,
    "rate_gbp_per_sec": 393.05369907158655,
    "per_household_per_year_gbp": 427.72,
    "per_person_per_year_gbp": 178.99,
    "per_mwh_delivered_gbp": 45.3
   }
  }
 },
 "indirect": {
  "cumulative_gbp": 77773409059.87546,
  "runrate_gbp_per_year": 7938710320.068469,
  "rate_gbp_per_sec": 251.56254975246753,
  "per_household_per_year_gbp": 273.75,
  "per_person_per_year_gbp": 114.56,
  "per_mwh_delivered_gbp": 28.99,
  "since_year": 2002,
  "real_2024": {
   "cumulative_gbp": 95240304621.64717,
   "runrate_gbp_per_year": 7645323199.5442,
   "rate_gbp_per_sec": 242.2656729137894,
   "per_household_per_year_gbp": 263.63,
   "per_person_per_year_gbp": 110.32,
   "per_mwh_delivered_gbp": 27.92
  }
 }
}