{
 "generated_at": "2026-06-19T07:19:19.456487+00:00",
 "perspectives": {
  "renewables": {
   "cumulative_gbp": 108714123028.46954,
   "runrate_gbp_per_year": 12811835855.993599,
   "rate_gbp_per_sec": 405.9825796636499,
   "per_household_per_year_gbp": 441.78,
   "per_person_per_year_gbp": 184.87,
   "per_mwh_delivered_gbp": 46.79,
   "since_year": 2002,
   "real_2024": {
    "cumulative_gbp": 131774401985.91046,
    "runrate_gbp_per_year": 12338354965.6634,
    "rate_gbp_per_sec": 390.97887563260196,
    "per_household_per_year_gbp": 425.46,
    "per_person_per_year_gbp": 178.04,
    "per_mwh_delivered_gbp": 45.06
   }
  },
  "low_carbon": {
   "cumulative_gbp": 108714123028.46954,
   "runrate_gbp_per_year": 12811835855.993599,
   "rate_gbp_per_sec": 405.9825796636499,
   "per_household_per_year_gbp": 441.78,
   "per_person_per_year_gbp": 184.87,
   "per_mwh_delivered_gbp": 46.79,
   "since_year": 2002,
   "real_2024": {
    "cumulative_gbp": 131774401985.91046,
    "runrate_gbp_per_year": 12338354965.6634,
    "rate_gbp_per_sec": 390.97887563260196,
    "per_household_per_year_gbp": 425.46,
    "per_person_per_year_gbp": 178.04,
    "per_mwh_delivered_gbp": 45.06
   }
  }
 },
 "indirect": {
  "cumulative_gbp": 78260436538.22733,
  "runrate_gbp_per_year": 8017326062.78182,
  "rate_gbp_per_sec": 254.0537323111333,
  "per_household_per_year_gbp": 276.45,
  "per_person_per_year_gbp": 115.69,
  "per_mwh_delivered_gbp": 29.28,
  "since_year": 2002,
  "real_2024": {
   "cumulative_gbp": 95823269916.29898,
   "runrate_gbp_per_year": 7721033577.852927,
   "rate_gbp_per_sec": 244.66479003006967,
   "per_household_per_year_gbp": 266.24,
   "per_person_per_year_gbp": 111.41,
   "per_mwh_delivered_gbp": 28.19
  }
 }
}