{
 "generated_at": "2026-07-02T06:49:12.981628+00:00",
 "perspectives": {
  "renewables": {
   "cumulative_gbp": 108801107672.08939,
   "runrate_gbp_per_year": 12819663233.9097,
   "rate_gbp_per_sec": 406.2306143024089,
   "per_household_per_year_gbp": 442.05,
   "per_person_per_year_gbp": 184.98,
   "per_mwh_delivered_gbp": 46.82,
   "since_year": 2002,
   "real_2024": {
    "cumulative_gbp": 131858171979.67366,
    "runrate_gbp_per_year": 12345893070.917385,
    "rate_gbp_per_sec": 391.2177437738416,
    "per_household_per_year_gbp": 425.72,
    "per_person_per_year_gbp": 178.15,
    "per_mwh_delivered_gbp": 45.09
   }
  },
  "low_carbon": {
   "cumulative_gbp": 108801107672.08939,
   "runrate_gbp_per_year": 12819663233.9097,
   "rate_gbp_per_sec": 406.2306143024089,
   "per_household_per_year_gbp": 442.05,
   "per_person_per_year_gbp": 184.98,
   "per_mwh_delivered_gbp": 46.82,
   "since_year": 2002,
   "real_2024": {
    "cumulative_gbp": 131858171979.67366,
    "runrate_gbp_per_year": 12345893070.917385,
    "rate_gbp_per_sec": 391.2177437738416,
    "per_household_per_year_gbp": 425.72,
    "per_person_per_year_gbp": 178.15,
    "per_mwh_delivered_gbp": 45.09
   }
  }
 },
 "indirect": {
  "cumulative_gbp": 78280434700.20648,
  "runrate_gbp_per_year": 7947468826.773771,
  "rate_gbp_per_sec": 251.8400900820649,
  "per_household_per_year_gbp": 274.05,
  "per_person_per_year_gbp": 114.68,
  "per_mwh_delivered_gbp": 29.02,
  "since_year": 2002,
  "real_2024": {
   "cumulative_gbp": 95842529015.77022,
   "runrate_gbp_per_year": 7653758022.306045,
   "rate_gbp_per_sec": 242.5329563181625,
   "per_household_per_year_gbp": 263.92,
   "per_person_per_year_gbp": 110.44,
   "per_mwh_delivered_gbp": 27.95
  }
 }
}