{
 "generated_at": "2026-07-21T07:57:00.430414+00:00",
 "perspectives": {
  "renewables": {
   "cumulative": 108900354010.79898,
   "runrate_per_year": 12787732604.64158,
   "rate_per_sec": 405.2187937182036,
   "per_household_per_year": 440.95,
   "per_person_per_year": 184.52,
   "per_mwh_delivered": 46.7,
   "since_year": 2002,
   "real": {
    "cumulative": 131953750506.27782,
    "runrate_per_year": 12315142486.643957,
    "rate_per_sec": 390.2433165590526,
    "per_household_per_year": 424.66,
    "per_person_per_year": 177.7,
    "per_mwh_delivered": 44.97
   }
  },
  "low_carbon": {
   "cumulative": 108900354010.79898,
   "runrate_per_year": 12787732604.64158,
   "rate_per_sec": 405.2187937182036,
   "per_household_per_year": 440.95,
   "per_person_per_year": 184.52,
   "per_mwh_delivered": 46.7,
   "since_year": 2002,
   "real": {
    "cumulative": 131953750506.27782,
    "runrate_per_year": 12315142486.643957,
    "rate_per_sec": 390.2433165590526,
    "per_household_per_year": 424.66,
    "per_person_per_year": 177.7,
    "per_mwh_delivered": 44.97
   }
  }
 },
 "indirect": {
  "cumulative": 78587415407.5139,
  "runrate_per_year": 8007962808.244345,
  "rate_per_sec": 253.75702867912466,
  "per_household_per_year": 276.13,
  "per_person_per_year": 115.55,
  "per_mwh_delivered": 29.24,
  "since_year": 2002,
  "real": {
   "cumulative": 96138164783.89453,
   "runrate_per_year": 7712016356.635315,
   "rate_per_sec": 244.37905153228743,
   "per_household_per_year": 265.93,
   "per_person_per_year": 111.28,
   "per_mwh_delivered": 28.16
  }
 }
}