{
 "generated_at": "2026-07-12T07:42:41.408435+00:00",
 "perspectives": {
  "renewables": {
   "cumulative_gbp": 108844921620.1386,
   "runrate_gbp_per_year": 12799952366.187754,
   "rate_gbp_per_sec": 405.6060145951452,
   "per_household_per_year_gbp": 441.37,
   "per_person_per_year_gbp": 184.7,
   "per_mwh_delivered_gbp": 46.74,
   "since_year": 2002,
   "real_2024": {
    "cumulative_gbp": 131900366713.18636,
    "runrate_gbp_per_year": 12326910648.306902,
    "rate_gbp_per_sec": 390.6162270992377,
    "per_household_per_year_gbp": 425.06,
    "per_person_per_year_gbp": 177.87,
    "per_mwh_delivered_gbp": 45.02
   }
  },
  "low_carbon": {
   "cumulative_gbp": 108844921620.1386,
   "runrate_gbp_per_year": 12799952366.187754,
   "rate_gbp_per_sec": 405.6060145951452,
   "per_household_per_year_gbp": 441.37,
   "per_person_per_year_gbp": 184.7,
   "per_mwh_delivered_gbp": 46.74,
   "since_year": 2002,
   "real_2024": {
    "cumulative_gbp": 131900366713.18636,
    "runrate_gbp_per_year": 12326910648.306902,
    "rate_gbp_per_sec": 390.6162270992377,
    "per_household_per_year_gbp": 425.06,
    "per_person_per_year_gbp": 177.87,
    "per_mwh_delivered_gbp": 45.02
   }
  }
 },
 "indirect": {
  "cumulative_gbp": 78404642612.86728,
  "runrate_gbp_per_year": 7957652551.131854,
  "rate_gbp_per_sec": 252.16279283379768,
  "per_household_per_year_gbp": 274.4,
  "per_person_per_year_gbp": 114.82,
  "per_mwh_delivered_gbp": 29.06,
  "since_year": 2002,
  "real_2024": {
   "cumulative_gbp": 95962146636.00659,
   "runrate_gbp_per_year": 7663565391.633503,
   "rate_gbp_per_sec": 242.8437330986356,
   "per_household_per_year_gbp": 264.26,
   "per_person_per_year_gbp": 110.58,
   "per_mwh_delivered_gbp": 27.98
  }
 }
}