{
 "generated_at": "2026-07-06T09:37:32.246540+00:00",
 "perspectives": {
  "renewables": {
   "cumulative_gbp": 108812817636.90768,
   "runrate_gbp_per_year": 12815971699.976961,
   "rate_gbp_per_sec": 406.11363665097986,
   "per_household_per_year_gbp": 441.93,
   "per_person_per_year_gbp": 184.93,
   "per_mwh_delivered_gbp": 46.8,
   "since_year": 2002,
   "real_2024": {
    "cumulative_gbp": 131869449184.92259,
    "runrate_gbp_per_year": 12342337963.238682,
    "rate_gbp_per_sec": 391.1050892095306,
    "per_household_per_year_gbp": 425.59,
    "per_person_per_year_gbp": 178.1,
    "per_mwh_delivered_gbp": 45.07
   }
  },
  "low_carbon": {
   "cumulative_gbp": 108812817636.90768,
   "runrate_gbp_per_year": 12815971699.976961,
   "rate_gbp_per_sec": 406.11363665097986,
   "per_household_per_year_gbp": 441.93,
   "per_person_per_year_gbp": 184.93,
   "per_mwh_delivered_gbp": 46.8,
   "since_year": 2002,
   "real_2024": {
    "cumulative_gbp": 131869449184.92259,
    "runrate_gbp_per_year": 12342337963.238682,
    "rate_gbp_per_sec": 391.1050892095306,
    "per_household_per_year_gbp": 425.59,
    "per_person_per_year_gbp": 178.1,
    "per_mwh_delivered_gbp": 45.07
   }
  }
 },
 "indirect": {
  "cumulative_gbp": 78270850590.77818,
  "runrate_gbp_per_year": 7923714097.44314,
  "rate_gbp_per_sec": 251.08734813303738,
  "per_household_per_year_gbp": 273.23,
  "per_person_per_year_gbp": 114.33,
  "per_mwh_delivered_gbp": 28.93,
  "since_year": 2002,
  "real_2024": {
   "cumulative_gbp": 95833299101.69035,
   "runrate_gbp_per_year": 7630881185.146328,
   "rate_gbp_per_sec": 241.80803309333817,
   "per_household_per_year_gbp": 263.13,
   "per_person_per_year_gbp": 110.11,
   "per_mwh_delivered_gbp": 27.87
  }
 }
}