{
 "generated_at": "2026-06-24T06:50:13.650074+00:00",
 "perspectives": {
  "renewables": {
   "cumulative_gbp": 108770329350.02312,
   "runrate_gbp_per_year": 12796326829.765951,
   "rate_gbp_per_sec": 405.49112827863814,
   "per_household_per_year_gbp": 441.25,
   "per_person_per_year_gbp": 184.65,
   "per_mwh_delivered_gbp": 46.73,
   "since_year": 2002,
   "real_2024": {
    "cumulative_gbp": 131828531117.32483,
    "runrate_gbp_per_year": 12323419099.100687,
    "rate_gbp_per_sec": 390.50558658138414,
    "per_household_per_year_gbp": 424.94,
    "per_person_per_year_gbp": 177.82,
    "per_mwh_delivered_gbp": 45.0
   }
  },
  "low_carbon": {
   "cumulative_gbp": 108770329350.02312,
   "runrate_gbp_per_year": 12796326829.765951,
   "rate_gbp_per_sec": 405.49112827863814,
   "per_household_per_year_gbp": 441.25,
   "per_person_per_year_gbp": 184.65,
   "per_mwh_delivered_gbp": 46.73,
   "since_year": 2002,
   "real_2024": {
    "cumulative_gbp": 131828531117.32483,
    "runrate_gbp_per_year": 12323419099.100687,
    "rate_gbp_per_sec": 390.50558658138414,
    "per_household_per_year_gbp": 424.94,
    "per_person_per_year_gbp": 177.82,
    "per_mwh_delivered_gbp": 45.0
   }
  }
 },
 "indirect": {
  "cumulative_gbp": 78246379368.05576,
  "runrate_gbp_per_year": 8003772744.770957,
  "rate_gbp_per_sec": 253.6242535798336,
  "per_household_per_year_gbp": 275.99,
  "per_person_per_year_gbp": 115.49,
  "per_mwh_delivered_gbp": 29.23,
  "since_year": 2002,
  "real_2024": {
   "cumulative_gbp": 95809732250.24245,
   "runrate_gbp_per_year": 7707981143.33377,
   "rate_gbp_per_sec": 244.25118333883975,
   "per_household_per_year_gbp": 265.79,
   "per_person_per_year_gbp": 111.22,
   "per_mwh_delivered_gbp": 28.15
  }
 }
}