{
 "generated_at": "2026-07-19T07:41:24.722122+00:00",
 "perspectives": {
  "renewables": {
   "cumulative": 108898729331.57997,
   "runrate_per_year": 12789459038.67258,
   "rate_per_sec": 405.27350111138304,
   "per_household_per_year": 441.01,
   "per_person_per_year": 184.55,
   "per_mwh_delivered": 46.71,
   "since_year": 2002,
   "real": {
    "cumulative": 131952185873.05998,
    "runrate_per_year": 12316805117.67816,
    "rate_per_sec": 390.2960021572667,
    "per_household_per_year": 424.71,
    "per_person_per_year": 177.73,
    "per_mwh_delivered": 44.98
   }
  },
  "low_carbon": {
   "cumulative": 108898729331.57997,
   "runrate_per_year": 12789459038.67258,
   "rate_per_sec": 405.27350111138304,
   "per_household_per_year": 441.01,
   "per_person_per_year": 184.55,
   "per_mwh_delivered": 46.71,
   "since_year": 2002,
   "real": {
    "cumulative": 131952185873.05998,
    "runrate_per_year": 12316805117.67816,
    "rate_per_sec": 390.2960021572667,
    "per_household_per_year": 424.71,
    "per_person_per_year": 177.73,
    "per_mwh_delivered": 44.98
   }
  }
 },
 "indirect": {
  "cumulative": 78403252456.8059,
  "runrate_per_year": 7959899898.791417,
  "rate_per_sec": 252.2340069837826,
  "per_household_per_year": 274.47,
  "per_person_per_year": 114.86,
  "per_mwh_delivered": 29.07,
  "since_year": 2002,
  "real": {
   "cumulative": 95960807855.27791,
   "runrate_per_year": 7665729685.1404295,
   "rate_per_sec": 242.91231542133846,
   "per_household_per_year": 264.33,
   "per_person_per_year": 110.61,
   "per_mwh_delivered": 27.99
  }
 }
}