{
 "generated_at": "2026-06-10T03:37:06.642572+00:00",
 "perspectives": {
  "renewables": {
   "cumulative_gbp": 105434676517.14401,
   "runrate_gbp_per_year": 12175301961.52774,
   "rate_gbp_per_sec": 385.81203771920997,
   "per_household_per_year_gbp": 428.71,
   "per_person_per_year_gbp": 178.26,
   "per_mwh_delivered_gbp": 44.47,
   "since_year": 2002
  },
  "low_carbon": {
   "cumulative_gbp": 108582863911.87402,
   "runrate_gbp_per_year": 12761964981.720644,
   "rate_gbp_per_sec": 404.4022670203261,
   "per_household_per_year_gbp": 449.36,
   "per_person_per_year_gbp": 186.85,
   "per_mwh_delivered_gbp": 46.61,
   "since_year": 2002
  },
  "all_levy": {
   "cumulative_gbp": 117052946028.53401,
   "runrate_gbp_per_year": 14376834448.030643,
   "rate_gbp_per_sec": 455.57439247695146,
   "per_household_per_year_gbp": 506.23,
   "per_person_per_year_gbp": 210.5,
   "per_mwh_delivered_gbp": 52.51,
   "since_year": 2002
  }
 }
}