{
 "generated_at": "2026-06-25T06:50:07.161857+00:00",
 "perspectives": {
  "renewables": {
   "cumulative_gbp": 108772041727.75319,
   "runrate_gbp_per_year": 12805155903.42704,
   "rate_gbp_per_sec": 405.77090474012726,
   "per_household_per_year_gbp": 441.55,
   "per_person_per_year_gbp": 184.77,
   "per_mwh_delivered_gbp": 46.76,
   "since_year": 2002,
   "real_2024": {
    "cumulative_gbp": 131830180211.53563,
    "runrate_gbp_per_year": 12331921880.909084,
    "rate_gbp_per_sec": 390.77502347799214,
    "per_household_per_year_gbp": 425.23,
    "per_person_per_year_gbp": 177.94,
    "per_mwh_delivered_gbp": 45.03
   }
  },
  "low_carbon": {
   "cumulative_gbp": 108772041727.75319,
   "runrate_gbp_per_year": 12805155903.42704,
   "rate_gbp_per_sec": 405.77090474012726,
   "per_household_per_year_gbp": 441.55,
   "per_person_per_year_gbp": 184.77,
   "per_mwh_delivered_gbp": 46.76,
   "since_year": 2002,
   "real_2024": {
    "cumulative_gbp": 131830180211.53563,
    "runrate_gbp_per_year": 12331921880.909084,
    "rate_gbp_per_sec": 390.77502347799214,
    "per_household_per_year_gbp": 425.23,
    "per_person_per_year_gbp": 177.94,
    "per_mwh_delivered_gbp": 45.03
   }
  }
 },
 "indirect": {
  "cumulative_gbp": 78246620549.14569,
  "runrate_gbp_per_year": 7991264166.296081,
  "rate_gbp_per_sec": 253.22788064669305,
  "per_household_per_year_gbp": 275.56,
  "per_person_per_year_gbp": 115.31,
  "per_mwh_delivered_gbp": 29.18,
  "since_year": 2002,
  "real_2024": {
   "cumulative_gbp": 95809964518.11818,
   "runrate_gbp_per_year": 7695934838.411225,
   "rate_gbp_per_sec": 243.8694589706196,
   "per_household_per_year_gbp": 265.37,
   "per_person_per_year_gbp": 111.05,
   "per_mwh_delivered_gbp": 28.1
  }
 }
}