{
 "generated_at": "2026-07-18T07:16:03.614520+00:00",
 "perspectives": {
  "renewables": {
   "cumulative": 108898590383.03986,
   "runrate_per_year": 12789560770.239937,
   "rate_per_sec": 405.27672479022283,
   "per_household_per_year": 441.01,
   "per_person_per_year": 184.55,
   "per_mwh_delivered": 46.71,
   "since_year": 2002,
   "real": {
    "cumulative": 131952052059.57462,
    "runrate_per_year": 12316903089.600636,
    "rate_per_sec": 390.29910670014937,
    "per_household_per_year": 424.72,
    "per_person_per_year": 177.73,
    "per_mwh_delivered": 44.98
   }
  },
  "low_carbon": {
   "cumulative": 108898590383.03986,
   "runrate_per_year": 12789560770.239937,
   "rate_per_sec": 405.27672479022283,
   "per_household_per_year": 441.01,
   "per_person_per_year": 184.55,
   "per_mwh_delivered": 46.71,
   "since_year": 2002,
   "real": {
    "cumulative": 131952052059.57462,
    "runrate_per_year": 12316903089.600636,
    "rate_per_sec": 390.29910670014937,
    "per_household_per_year": 424.72,
    "per_person_per_year": 177.73,
    "per_mwh_delivered": 44.98
   }
  }
 },
 "indirect": {
  "cumulative": 78403391405.34601,
  "runrate_per_year": 7959798167.224061,
  "rate_per_sec": 252.23078330494275,
  "per_household_per_year": 274.47,
  "per_person_per_year": 114.86,
  "per_mwh_delivered": 29.07,
  "since_year": 2002,
  "real": {
   "cumulative": 95960941668.76328,
   "runrate_per_year": 7665631713.217955,
   "rate_per_sec": 242.90921087845572,
   "per_household_per_year": 264.33,
   "per_person_per_year": 110.61,
   "per_mwh_delivered": 27.99
  }
 }
}