{
 "generated_at": "2026-07-10T08:50:31.021816+00:00",
 "perspectives": {
  "renewables": {
   "cumulative_gbp": 108841947647.47693,
   "runrate_gbp_per_year": 12819025372.521015,
   "rate_gbp_per_sec": 406.2104016947111,
   "per_household_per_year_gbp": 442.03,
   "per_person_per_year_gbp": 184.97,
   "per_mwh_delivered_gbp": 46.81,
   "since_year": 2002,
   "real_2024": {
    "cumulative_gbp": 131897502648.21002,
    "runrate_gbp_per_year": 12345278782.666977,
    "rate_gbp_per_sec": 391.1982781538196,
    "per_household_per_year_gbp": 425.69,
    "per_person_per_year_gbp": 178.14,
    "per_mwh_delivered_gbp": 45.08
   }
  },
  "low_carbon": {
   "cumulative_gbp": 108841947647.47693,
   "runrate_gbp_per_year": 12819025372.521015,
   "rate_gbp_per_sec": 406.2104016947111,
   "per_household_per_year_gbp": 442.03,
   "per_person_per_year_gbp": 184.97,
   "per_mwh_delivered_gbp": 46.81,
   "since_year": 2002,
   "real_2024": {
    "cumulative_gbp": 131897502648.21002,
    "runrate_gbp_per_year": 12345278782.666977,
    "rate_gbp_per_sec": 391.1982781538196,
    "per_household_per_year_gbp": 425.69,
    "per_person_per_year_gbp": 178.14,
    "per_mwh_delivered_gbp": 45.08
   }
  }
 },
 "indirect": {
  "cumulative_gbp": 78404649291.75894,
  "runrate_gbp_per_year": 7940048621.556832,
  "rate_gbp_per_sec": 251.60495796755242,
  "per_household_per_year_gbp": 273.79,
  "per_person_per_year_gbp": 114.57,
  "per_mwh_delivered_gbp": 28.99,
  "since_year": 2002,
  "real_2024": {
   "cumulative_gbp": 95962153068.06964,
   "runrate_gbp_per_year": 7646612042.064514,
   "rate_gbp_per_sec": 242.30651386875158,
   "per_household_per_year_gbp": 263.67,
   "per_person_per_year_gbp": 110.34,
   "per_mwh_delivered_gbp": 27.92
  }
 }
}