{
 "generated_at": "2026-07-04T08:13:21.828288+00:00",
 "perspectives": {
  "renewables": {
   "cumulative_gbp": 108811237109.2393,
   "runrate_gbp_per_year": 12791685049.131153,
   "rate_gbp_per_sec": 405.3440391262692,
   "per_household_per_year_gbp": 441.09,
   "per_person_per_year_gbp": 184.58,
   "per_mwh_delivered_gbp": 46.71,
   "since_year": 2002,
   "real_2024": {
    "cumulative_gbp": 131867927068.05934,
    "runrate_gbp_per_year": 12318948862.532827,
    "rate_gbp_per_sec": 390.3639333324723,
    "per_household_per_year_gbp": 424.79,
    "per_person_per_year_gbp": 177.76,
    "per_mwh_delivered_gbp": 44.99
   }
  },
  "low_carbon": {
   "cumulative_gbp": 108811237109.2393,
   "runrate_gbp_per_year": 12791685049.131153,
   "rate_gbp_per_sec": 405.3440391262692,
   "per_household_per_year_gbp": 441.09,
   "per_person_per_year_gbp": 184.58,
   "per_mwh_delivered_gbp": 46.71,
   "since_year": 2002,
   "real_2024": {
    "cumulative_gbp": 131867927068.05934,
    "runrate_gbp_per_year": 12318948862.532827,
    "rate_gbp_per_sec": 390.3639333324723,
    "per_household_per_year_gbp": 424.79,
    "per_person_per_year_gbp": 177.76,
    "per_mwh_delivered_gbp": 44.99
   }
  }
 },
 "indirect": {
  "cumulative_gbp": 78272431118.44656,
  "runrate_gbp_per_year": 7948000748.288947,
  "rate_gbp_per_sec": 251.85694565774796,
  "per_household_per_year_gbp": 274.06,
  "per_person_per_year_gbp": 114.68,
  "per_mwh_delivered_gbp": 29.02,
  "since_year": 2002,
  "real_2024": {
   "cumulative_gbp": 95834821218.5536,
   "runrate_gbp_per_year": 7654270285.852181,
   "rate_gbp_per_sec": 242.5491889703964,
   "per_household_per_year_gbp": 263.94,
   "per_person_per_year_gbp": 110.45,
   "per_mwh_delivered_gbp": 27.95
  }
 }
}