{
 "generated_at": "2026-06-30T06:52:01.383245+00:00",
 "perspectives": {
  "renewables": {
   "cumulative_gbp": 108789331881.43996,
   "runrate_gbp_per_year": 12811619741.821745,
   "rate_gbp_per_sec": 405.97573141879434,
   "per_household_per_year_gbp": 441.77,
   "per_person_per_year_gbp": 184.87,
   "per_mwh_delivered_gbp": 46.79,
   "since_year": 2002,
   "real_2024": {
    "cumulative_gbp": 131846831381.2844,
    "runrate_gbp_per_year": 12338146838.319637,
    "rate_gbp_per_sec": 390.97228047505627,
    "per_household_per_year_gbp": 425.45,
    "per_person_per_year_gbp": 178.03,
    "per_mwh_delivered_gbp": 45.06
   }
  },
  "low_carbon": {
   "cumulative_gbp": 108789331881.43996,
   "runrate_gbp_per_year": 12811619741.821745,
   "rate_gbp_per_sec": 405.97573141879434,
   "per_household_per_year_gbp": 441.77,
   "per_person_per_year_gbp": 184.87,
   "per_mwh_delivered_gbp": 46.79,
   "since_year": 2002,
   "real_2024": {
    "cumulative_gbp": 131846831381.2844,
    "runrate_gbp_per_year": 12338146838.319637,
    "rate_gbp_per_sec": 390.97228047505627,
    "per_household_per_year_gbp": 425.45,
    "per_person_per_year_gbp": 178.03,
    "per_mwh_delivered_gbp": 45.06
   }
  }
 },
 "indirect": {
  "cumulative_gbp": 78281395534.10591,
  "runrate_gbp_per_year": 7973593023.659691,
  "rate_gbp_per_sec": 252.6679159270569,
  "per_household_per_year_gbp": 274.95,
  "per_person_per_year_gbp": 115.05,
  "per_mwh_delivered_gbp": 29.12,
  "since_year": 2002,
  "real_2024": {
   "cumulative_gbp": 95843454340.59076,
   "runrate_gbp_per_year": 7678916759.741833,
   "rate_gbp_per_sec": 243.33018859931784,
   "per_household_per_year_gbp": 264.79,
   "per_person_per_year_gbp": 110.8,
   "per_mwh_delivered_gbp": 28.04
  }
 }
}