{
 "generated_at": "2026-07-11T07:26:08.418318+00:00",
 "perspectives": {
  "renewables": {
   "cumulative_gbp": 108844915964.8286,
   "runrate_gbp_per_year": 12813838310.72573,
   "rate_gbp_per_sec": 406.04603362504537,
   "per_household_per_year_gbp": 441.85,
   "per_person_per_year_gbp": 184.9,
   "per_mwh_delivered_gbp": 46.79,
   "since_year": 2002,
   "real_2024": {
    "cumulative_gbp": 131900361266.87695,
    "runrate_gbp_per_year": 12340283416.633694,
    "rate_gbp_per_sec": 391.0399845562937,
    "per_household_per_year_gbp": 425.52,
    "per_person_per_year_gbp": 178.07,
    "per_mwh_delivered_gbp": 45.07
   }
  },
  "low_carbon": {
   "cumulative_gbp": 108844915964.8286,
   "runrate_gbp_per_year": 12813838310.72573,
   "rate_gbp_per_sec": 406.04603362504537,
   "per_household_per_year_gbp": 441.85,
   "per_person_per_year_gbp": 184.9,
   "per_mwh_delivered_gbp": 46.79,
   "since_year": 2002,
   "real_2024": {
    "cumulative_gbp": 131900361266.87695,
    "runrate_gbp_per_year": 12340283416.633694,
    "rate_gbp_per_sec": 391.0399845562937,
    "per_household_per_year_gbp": 425.52,
    "per_person_per_year_gbp": 178.07,
    "per_mwh_delivered_gbp": 45.07
   }
  }
 },
 "indirect": {
  "cumulative_gbp": 78404648268.17728,
  "runrate_gbp_per_year": 7943766606.593876,
  "rate_gbp_per_sec": 251.7227738038975,
  "per_household_per_year_gbp": 273.92,
  "per_person_per_year_gbp": 114.62,
  "per_mwh_delivered_gbp": 29.01,
  "since_year": 2002,
  "real_2024": {
   "cumulative_gbp": 95962152082.316,
   "runrate_gbp_per_year": 7650192623.306711,
   "rate_gbp_per_sec": 242.41997564157955,
   "per_household_per_year_gbp": 263.79,
   "per_person_per_year_gbp": 110.39,
   "per_mwh_delivered_gbp": 27.94
  }
 }
}