{
 "generated_at": "2026-07-08T07:56:15.362882+00:00",
 "perspectives": {
  "renewables": {
   "cumulative_gbp": 108836866701.15244,
   "runrate_gbp_per_year": 12816603042.905807,
   "rate_gbp_per_sec": 406.1336427011499,
   "per_household_per_year_gbp": 441.95,
   "per_person_per_year_gbp": 184.94,
   "per_mwh_delivered_gbp": 46.81,
   "since_year": 2002,
   "real_2024": {
    "cumulative_gbp": 131892609476.9545,
    "runrate_gbp_per_year": 12342945973.928854,
    "rate_gbp_per_sec": 391.1243559056726,
    "per_household_per_year_gbp": 425.61,
    "per_person_per_year_gbp": 178.1,
    "per_mwh_delivered_gbp": 45.08
   }
  },
  "low_carbon": {
   "cumulative_gbp": 108836866701.15244,
   "runrate_gbp_per_year": 12816603042.905807,
   "rate_gbp_per_sec": 406.1336427011499,
   "per_household_per_year_gbp": 441.95,
   "per_person_per_year_gbp": 184.94,
   "per_mwh_delivered_gbp": 46.81,
   "since_year": 2002,
   "real_2024": {
    "cumulative_gbp": 131892609476.9545,
    "runrate_gbp_per_year": 12342945973.928854,
    "rate_gbp_per_sec": 391.1243559056726,
    "per_household_per_year_gbp": 425.61,
    "per_person_per_year_gbp": 178.1,
    "per_mwh_delivered_gbp": 45.08
   }
  }
 },
 "indirect": {
  "cumulative_gbp": 78267645828.79344,
  "runrate_gbp_per_year": 7903996250.094006,
  "rate_gbp_per_sec": 250.46252725473437,
  "per_household_per_year_gbp": 272.55,
  "per_person_per_year_gbp": 114.05,
  "per_mwh_delivered_gbp": 28.86,
  "since_year": 2002,
  "real_2024": {
   "cumulative_gbp": 95830212776.56157,
   "runrate_gbp_per_year": 7611892040.851401,
   "rate_gbp_per_sec": 241.20630342140723,
   "per_household_per_year_gbp": 262.47,
   "per_person_per_year_gbp": 109.83,
   "per_mwh_delivered_gbp": 27.8
  }
 }
}