{
 "generated_at": "2026-07-20T08:26:35.924083+00:00",
 "perspectives": {
  "renewables": {
   "cumulative": 108899128289.11897,
   "runrate_per_year": 12789671006.695477,
   "rate_per_sec": 405.2802179727063,
   "per_household_per_year": 441.02,
   "per_person_per_year": 184.55,
   "per_mwh_delivered": 46.71,
   "since_year": 2002,
   "real": {
    "cumulative": 131952570086.51602,
    "runrate_per_year": 12317009252.100208,
    "rate_per_sec": 390.3024707867584,
    "per_household_per_year": 424.72,
    "per_person_per_year": 177.73,
    "per_mwh_delivered": 44.98
   }
  },
  "low_carbon": {
   "cumulative": 108899128289.11897,
   "runrate_per_year": 12789671006.695477,
   "rate_per_sec": 405.2802179727063,
   "per_household_per_year": 441.02,
   "per_person_per_year": 184.55,
   "per_mwh_delivered": 46.71,
   "since_year": 2002,
   "real": {
    "cumulative": 131952570086.51602,
    "runrate_per_year": 12317009252.100208,
    "rate_per_sec": 390.3024707867584,
    "per_household_per_year": 424.72,
    "per_person_per_year": 177.73,
    "per_mwh_delivered": 44.98
   }
  }
 },
 "indirect": {
  "cumulative": 78587415407.5139,
  "runrate_per_year": 8007962808.244345,
  "rate_per_sec": 253.75702867912466,
  "per_household_per_year": 276.13,
  "per_person_per_year": 115.55,
  "per_mwh_delivered": 29.24,
  "since_year": 2002,
  "real": {
   "cumulative": 96138164783.89453,
   "runrate_per_year": 7712016356.635315,
   "rate_per_sec": 244.37905153228743,
   "per_household_per_year": 265.93,
   "per_person_per_year": 111.28,
   "per_mwh_delivered": 28.16
  }
 }
}