{
 "generated_at": "2026-06-28T06:52:19.757772+00:00",
 "perspectives": {
  "renewables": {
   "cumulative_gbp": 108781151799.71446,
   "runrate_gbp_per_year": 12812564997.028528,
   "rate_gbp_per_sec": 406.00568474879356,
   "per_household_per_year_gbp": 441.81,
   "per_person_per_year_gbp": 184.88,
   "per_mwh_delivered_gbp": 46.79,
   "since_year": 2002,
   "real_2024": {
    "cumulative_gbp": 131838953606.92813,
    "runrate_gbp_per_year": 12339057160.181822,
    "rate_gbp_per_sec": 391.0011268341642,
    "per_household_per_year_gbp": 425.48,
    "per_person_per_year_gbp": 178.05,
    "per_mwh_delivered_gbp": 45.06
   }
  },
  "low_carbon": {
   "cumulative_gbp": 108781151799.71446,
   "runrate_gbp_per_year": 12812564997.028528,
   "rate_gbp_per_sec": 406.00568474879356,
   "per_household_per_year_gbp": 441.81,
   "per_person_per_year_gbp": 184.88,
   "per_mwh_delivered_gbp": 46.79,
   "since_year": 2002,
   "real_2024": {
    "cumulative_gbp": 131838953606.92813,
    "runrate_gbp_per_year": 12339057160.181822,
    "rate_gbp_per_sec": 391.0011268341642,
    "per_household_per_year_gbp": 425.48,
    "per_person_per_year_gbp": 178.05,
    "per_mwh_delivered_gbp": 45.06
   }
  }
 },
 "indirect": {
  "cumulative_gbp": 78283767222.87541,
  "runrate_gbp_per_year": 7973624748.684431,
  "rate_gbp_per_sec": 252.66892123242678,
  "per_household_per_year_gbp": 274.95,
  "per_person_per_year_gbp": 115.05,
  "per_mwh_delivered_gbp": 29.12,
  "since_year": 2002,
  "real_2024": {
   "cumulative_gbp": 95845738379.99269,
   "runrate_gbp_per_year": 7678947312.320006,
   "rate_gbp_per_sec": 243.33115675209797,
   "per_household_per_year_gbp": 264.79,
   "per_person_per_year_gbp": 110.8,
   "per_mwh_delivered_gbp": 28.04
  }
 }
}