{
 "generated_at": "2026-07-16T07:37:55.884682+00:00",
 "perspectives": {
  "renewables": {
   "cumulative": 108891563712.67969,
   "runrate_per_year": 12804240018.033031,
   "rate_per_sec": 405.7418820833343,
   "per_household_per_year": 441.52,
   "per_person_per_year": 184.76,
   "per_mwh_delivered": 46.76,
   "since_year": 2002,
   "real": {
    "cumulative": 131945285070.51036,
    "runrate_per_year": 12331039843.45355,
    "rate_per_sec": 390.74707339764586,
    "per_household_per_year": 425.2,
    "per_person_per_year": 177.93,
    "per_mwh_delivered": 45.03
   }
  },
  "low_carbon": {
   "cumulative": 108891563712.67969,
   "runrate_per_year": 12804240018.033031,
   "rate_per_sec": 405.7418820833343,
   "per_household_per_year": 441.52,
   "per_person_per_year": 184.76,
   "per_mwh_delivered": 46.76,
   "since_year": 2002,
   "real": {
    "cumulative": 131945285070.51036,
    "runrate_per_year": 12331039843.45355,
    "rate_per_sec": 390.74707339764586,
    "per_household_per_year": 425.2,
    "per_person_per_year": 177.93,
    "per_mwh_delivered": 45.03
   }
  }
 },
 "indirect": {
  "cumulative": 78403513411.45619,
  "runrate_per_year": 7956559799.146351,
  "rate_per_sec": 252.12816561292212,
  "per_household_per_year": 274.36,
  "per_person_per_year": 114.81,
  "per_mwh_delivered": 29.05,
  "since_year": 2002,
  "real": {
   "cumulative": 95961059165.952,
   "runrate_per_year": 7662513023.960507,
   "rate_per_sec": 242.81038557940107,
   "per_household_per_year": 264.22,
   "per_person_per_year": 110.57,
   "per_mwh_delivered": 27.98
  }
 }
}