{
 "generated_at": "2026-06-20T06:53:02.108034+00:00",
 "perspectives": {
  "renewables": {
   "cumulative_gbp": 108721537508.32564,
   "runrate_gbp_per_year": 12802291082.107224,
   "rate_gbp_per_sec": 405.68012403057344,
   "per_household_per_year_gbp": 441.45,
   "per_person_per_year_gbp": 184.73,
   "per_mwh_delivered_gbp": 46.75,
   "since_year": 2002,
   "real_2024": {
    "cumulative_gbp": 131781542452.38055,
    "runrate_gbp_per_year": 12329162933.420652,
    "rate_gbp_per_sec": 390.6875977077044,
    "per_household_per_year_gbp": 425.14,
    "per_person_per_year_gbp": 177.9,
    "per_mwh_delivered_gbp": 45.02
   }
  },
  "low_carbon": {
   "cumulative_gbp": 108721537508.32564,
   "runrate_gbp_per_year": 12802291082.107224,
   "rate_gbp_per_sec": 405.68012403057344,
   "per_household_per_year_gbp": 441.45,
   "per_person_per_year_gbp": 184.73,
   "per_mwh_delivered_gbp": 46.75,
   "since_year": 2002,
   "real_2024": {
    "cumulative_gbp": 131781542452.38055,
    "runrate_gbp_per_year": 12329162933.420652,
    "rate_gbp_per_sec": 390.6875977077044,
    "per_household_per_year_gbp": 425.14,
    "per_person_per_year_gbp": 177.9,
    "per_mwh_delivered_gbp": 45.02
   }
  }
 },
 "indirect": {
  "cumulative_gbp": 78260826487.30324,
  "runrate_gbp_per_year": 7999910979.193446,
  "rate_gbp_per_sec": 253.50188161309626,
  "per_household_per_year_gbp": 275.85,
  "per_person_per_year_gbp": 115.43,
  "per_mwh_delivered_gbp": 29.21,
  "since_year": 2002,
  "real_2024": {
   "cumulative_gbp": 95823645454.2134,
   "runrate_gbp_per_year": 7704262095.179775,
   "rate_gbp_per_sec": 244.1333338143514,
   "per_household_per_year_gbp": 265.66,
   "per_person_per_year_gbp": 111.17,
   "per_mwh_delivered_gbp": 28.13
  }
 }
}