{
 "generated_at": "2026-06-29T07:10:52.067200+00:00",
 "perspectives": {
  "renewables": {
   "cumulative_gbp": 108784912985.65814,
   "runrate_gbp_per_year": 12814367794.42918,
   "rate_gbp_per_sec": 406.0628119511363,
   "per_household_per_year_gbp": 441.87,
   "per_person_per_year_gbp": 184.91,
   "per_mwh_delivered_gbp": 46.8,
   "since_year": 2002,
   "real_2024": {
    "cumulative_gbp": 131842575792.52173,
    "runrate_gbp_per_year": 12340793332.461145,
    "rate_gbp_per_sec": 391.05614281381173,
    "per_household_per_year_gbp": 425.54,
    "per_person_per_year_gbp": 178.07,
    "per_mwh_delivered_gbp": 45.07
   }
  },
  "low_carbon": {
   "cumulative_gbp": 108784912985.65814,
   "runrate_gbp_per_year": 12814367794.42918,
   "rate_gbp_per_sec": 406.0628119511363,
   "per_household_per_year_gbp": 441.87,
   "per_person_per_year_gbp": 184.91,
   "per_mwh_delivered_gbp": 46.8,
   "since_year": 2002,
   "real_2024": {
    "cumulative_gbp": 131842575792.52173,
    "runrate_gbp_per_year": 12340793332.461145,
    "rate_gbp_per_sec": 391.05614281381173,
    "per_household_per_year_gbp": 425.54,
    "per_person_per_year_gbp": 178.07,
    "per_mwh_delivered_gbp": 45.07
   }
  }
 },
 "indirect": {
  "cumulative_gbp": 78280006036.93173,
  "runrate_gbp_per_year": 7971821951.283779,
  "rate_gbp_per_sec": 252.611794030084,
  "per_household_per_year_gbp": 274.89,
  "per_person_per_year_gbp": 115.03,
  "per_mwh_delivered_gbp": 29.11,
  "since_year": 2002,
  "real_2024": {
   "cumulative_gbp": 95842116194.3991,
   "runrate_gbp_per_year": 7677211140.040683,
   "rate_gbp_per_sec": 243.27614077245047,
   "per_household_per_year_gbp": 264.73,
   "per_person_per_year_gbp": 110.78,
   "per_mwh_delivered_gbp": 28.03
  }
 }
}