{
 "generated_at": "2026-06-22T07:21:42.700914+00:00",
 "perspectives": {
  "renewables": {
   "cumulative_gbp": 108736616359.84193,
   "runrate_gbp_per_year": 12806327772.779737,
   "rate_gbp_per_sec": 405.80803903908213,
   "per_household_per_year_gbp": 441.59,
   "per_person_per_year_gbp": 184.79,
   "per_mwh_delivered_gbp": 46.77,
   "since_year": 2002,
   "real_2024": {
    "cumulative_gbp": 131796064041.993,
    "runrate_gbp_per_year": 12333050442.046574,
    "rate_gbp_per_sec": 390.8107854224204,
    "per_household_per_year_gbp": 425.27,
    "per_person_per_year_gbp": 177.96,
    "per_mwh_delivered_gbp": 45.04
   }
  },
  "low_carbon": {
   "cumulative_gbp": 108736616359.84193,
   "runrate_gbp_per_year": 12806327772.779737,
   "rate_gbp_per_sec": 405.80803903908213,
   "per_household_per_year_gbp": 441.59,
   "per_person_per_year_gbp": 184.79,
   "per_mwh_delivered_gbp": 46.77,
   "since_year": 2002,
   "real_2024": {
    "cumulative_gbp": 131796064041.993,
    "runrate_gbp_per_year": 12333050442.046574,
    "rate_gbp_per_sec": 390.8107854224204,
    "per_household_per_year_gbp": 425.27,
    "per_person_per_year_gbp": 177.96,
    "per_mwh_delivered_gbp": 45.04
   }
  }
 },
 "indirect": {
  "cumulative_gbp": 78245747635.78693,
  "runrate_gbp_per_year": 7995874288.520932,
  "rate_gbp_per_sec": 253.37396660458757,
  "per_household_per_year_gbp": 275.71,
  "per_person_per_year_gbp": 115.38,
  "per_mwh_delivered_gbp": 29.2,
  "since_year": 2002,
  "real_2024": {
   "cumulative_gbp": 95809123864.60095,
   "runrate_gbp_per_year": 7700374586.553854,
   "rate_gbp_per_sec": 244.01014609963542,
   "per_household_per_year_gbp": 265.53,
   "per_person_per_year_gbp": 111.11,
   "per_mwh_delivered_gbp": 28.12
  }
 }
}