{
 "generated_at": "2026-07-15T22:25:14.498618+00:00",
 "perspectives": {
  "renewables": {
   "cumulative": 108884690283.62968,
   "runrate_per_year": 12809740882.333632,
   "rate_per_sec": 405.9161939543448,
   "per_household_per_year": 441.71,
   "per_person_per_year": 184.84,
   "per_mwh_delivered": 46.78,
   "since_year": 2002,
   "real": {
    "cumulative": 131938665660.94359,
    "runrate_per_year": 12336337414.94304,
    "rate_per_sec": 390.914943308206,
    "per_household_per_year": 425.39,
    "per_person_per_year": 178.01,
    "per_mwh_delivered": 45.05
   }
  },
  "low_carbon": {
   "cumulative": 108884690283.62968,
   "runrate_per_year": 12809740882.333632,
   "rate_per_sec": 405.9161939543448,
   "per_household_per_year": 441.71,
   "per_person_per_year": 184.84,
   "per_mwh_delivered": 46.78,
   "since_year": 2002,
   "real": {
    "cumulative": 131938665660.94359,
    "runrate_per_year": 12336337414.94304,
    "rate_per_sec": 390.914943308206,
    "per_household_per_year": 425.39,
    "per_person_per_year": 178.01,
    "per_mwh_delivered": 45.05
   }
  }
 },
 "indirect": {
  "cumulative": 78403513411.45619,
  "runrate_per_year": 7949432467.909803,
  "rate_per_sec": 251.90231411481872,
  "per_household_per_year": 274.11,
  "per_person_per_year": 114.71,
  "per_mwh_delivered": 29.03,
  "since_year": 2002,
  "real": {
   "cumulative": 95961059165.952,
   "runrate_per_year": 7655649094.095745,
   "rate_per_sec": 242.59288076709717,
   "per_household_per_year": 263.98,
   "per_person_per_year": 110.47,
   "per_mwh_delivered": 27.96
  }
 }
}