{
 "generated_at": "2026-06-23T10:41:30.292780+00:00",
 "perspectives": {
  "renewables": {
   "cumulative_gbp": 108748779220.68361,
   "runrate_gbp_per_year": 12802371596.814934,
   "rate_gbp_per_sec": 405.68267538770164,
   "per_household_per_year_gbp": 441.46,
   "per_person_per_year_gbp": 184.73,
   "per_mwh_delivered_gbp": 46.75,
   "since_year": 2002,
   "real_2024": {
    "cumulative_gbp": 131807777405.80432,
    "runrate_gbp_per_year": 12329240472.584816,
    "rate_gbp_per_sec": 390.6900547755474,
    "per_household_per_year_gbp": 425.14,
    "per_person_per_year_gbp": 177.91,
    "per_mwh_delivered_gbp": 45.03
   }
  },
  "low_carbon": {
   "cumulative_gbp": 108748779220.68361,
   "runrate_gbp_per_year": 12802371596.814934,
   "rate_gbp_per_sec": 405.68267538770164,
   "per_household_per_year_gbp": 441.46,
   "per_person_per_year_gbp": 184.73,
   "per_mwh_delivered_gbp": 46.75,
   "since_year": 2002,
   "real_2024": {
    "cumulative_gbp": 131807777405.80432,
    "runrate_gbp_per_year": 12329240472.584816,
    "rate_gbp_per_sec": 390.6900547755474,
    "per_household_per_year_gbp": 425.14,
    "per_person_per_year_gbp": 177.91,
    "per_mwh_delivered_gbp": 45.03
   }
  }
 },
 "indirect": {
  "cumulative_gbp": 78246365373.59526,
  "runrate_gbp_per_year": 8002706899.838434,
  "rate_gbp_per_sec": 253.59047899201568,
  "per_household_per_year_gbp": 275.95,
  "per_person_per_year_gbp": 115.47,
  "per_mwh_delivered_gbp": 29.22,
  "since_year": 2002,
  "real_2024": {
   "cumulative_gbp": 95809718772.96854,
   "runrate_gbp_per_year": 7706954688.322666,
   "rate_gbp_per_sec": 244.21865694231076,
   "per_household_per_year_gbp": 265.75,
   "per_person_per_year_gbp": 111.21,
   "per_mwh_delivered_gbp": 28.14
  }
 }
}