{
 "generated_at": "2026-07-14T07:27:46.652383+00:00",
 "perspectives": {
  "renewables": {
   "cumulative_gbp": 108862106691.16609,
   "runrate_gbp_per_year": 12826902504.405289,
   "rate_gbp_per_sec": 406.46001294158265,
   "per_household_per_year_gbp": 442.3,
   "per_person_per_year_gbp": 185.09,
   "per_mwh_delivered_gbp": 46.84,
   "since_year": 2002,
   "real_2024": {
    "cumulative_gbp": 131916916681.12747,
    "runrate_gbp_per_year": 12352864803.155527,
    "rate_gbp_per_sec": 391.4386646372198,
    "per_household_per_year_gbp": 425.96,
    "per_person_per_year_gbp": 178.25,
    "per_mwh_delivered_gbp": 45.11
   }
  },
  "low_carbon": {
   "cumulative_gbp": 108862106691.16609,
   "runrate_gbp_per_year": 12826902504.405289,
   "rate_gbp_per_sec": 406.46001294158265,
   "per_household_per_year_gbp": 442.3,
   "per_person_per_year_gbp": 185.09,
   "per_mwh_delivered_gbp": 46.84,
   "since_year": 2002,
   "real_2024": {
    "cumulative_gbp": 131916916681.12747,
    "runrate_gbp_per_year": 12352864803.155527,
    "rate_gbp_per_sec": 391.4386646372198,
    "per_household_per_year_gbp": 425.96,
    "per_person_per_year_gbp": 178.25,
    "per_mwh_delivered_gbp": 45.11
   }
  }
 },
 "indirect": {
  "cumulative_gbp": 78403531696.37979,
  "runrate_gbp_per_year": 7942416635.092421,
  "rate_gbp_per_sec": 251.67999578841295,
  "per_household_per_year_gbp": 273.87,
  "per_person_per_year_gbp": 114.6,
  "per_mwh_delivered_gbp": 29.0,
  "since_year": 2002,
  "real_2024": {
   "cumulative_gbp": 95961076775.12842,
   "runrate_gbp_per_year": 7648892542.0563965,
   "rate_gbp_per_sec": 242.3787785527542,
   "per_household_per_year_gbp": 263.75,
   "per_person_per_year_gbp": 110.37,
   "per_mwh_delivered_gbp": 27.93
  }
 }
}