{
 "generated_at": "2026-07-13T08:34:31.239902+00:00",
 "perspectives": {
  "renewables": {
   "cumulative_gbp": 108845974025.8325,
   "runrate_gbp_per_year": 12803187324.36522,
   "rate_gbp_per_sec": 405.7085242339474,
   "per_household_per_year_gbp": 441.48,
   "per_person_per_year_gbp": 184.75,
   "per_mwh_delivered_gbp": 46.76,
   "since_year": 2002,
   "real_2024": {
    "cumulative_gbp": 131901380225.62636,
    "runrate_gbp_per_year": 12330026053.682156,
    "rate_gbp_per_sec": 390.714948338345,
    "per_household_per_year_gbp": 425.17,
    "per_person_per_year_gbp": 177.92,
    "per_mwh_delivered_gbp": 45.03
   }
  },
  "low_carbon": {
   "cumulative_gbp": 108845974025.8325,
   "runrate_gbp_per_year": 12803187324.36522,
   "rate_gbp_per_sec": 405.7085242339474,
   "per_household_per_year_gbp": 441.48,
   "per_person_per_year_gbp": 184.75,
   "per_mwh_delivered_gbp": 46.76,
   "since_year": 2002,
   "real_2024": {
    "cumulative_gbp": 131901380225.62636,
    "runrate_gbp_per_year": 12330026053.682156,
    "rate_gbp_per_sec": 390.714948338345,
    "per_household_per_year_gbp": 425.17,
    "per_person_per_year_gbp": 177.92,
    "per_mwh_delivered_gbp": 45.03
   }
  }
 },
 "indirect": {
  "cumulative_gbp": 78403590207.17337,
  "runrate_gbp_per_year": 7954417592.954388,
  "rate_gbp_per_sec": 252.06028319499543,
  "per_household_per_year_gbp": 274.29,
  "per_person_per_year_gbp": 114.78,
  "per_mwh_delivered_gbp": 29.05,
  "since_year": 2002,
  "real_2024": {
   "cumulative_gbp": 95961133123.56659,
   "runrate_gbp_per_year": 7660449986.258247,
   "rate_gbp_per_sec": 242.7450118595282,
   "per_household_per_year_gbp": 264.15,
   "per_person_per_year_gbp": 110.54,
   "per_mwh_delivered_gbp": 27.97
  }
 }
}