{
 "generated_at": "2026-06-26T06:51:22.854016+00:00",
 "perspectives": {
  "renewables": {
   "cumulative_gbp": 108774036043.0817,
   "runrate_gbp_per_year": 12809554171.726002,
   "rate_gbp_per_sec": 405.9102774522144,
   "per_household_per_year_gbp": 441.7,
   "per_person_per_year_gbp": 184.84,
   "per_mwh_delivered_gbp": 46.78,
   "since_year": 2002,
   "real_2024": {
    "cumulative_gbp": 131832100823.91003,
    "runrate_gbp_per_year": 12336157604.51004,
    "rate_gbp_per_sec": 390.90924545941516,
    "per_household_per_year_gbp": 425.38,
    "per_person_per_year_gbp": 178.01,
    "per_mwh_delivered_gbp": 45.05
   }
  },
  "low_carbon": {
   "cumulative_gbp": 108774036043.0817,
   "runrate_gbp_per_year": 12809554171.726002,
   "rate_gbp_per_sec": 405.9102774522144,
   "per_household_per_year_gbp": 441.7,
   "per_person_per_year_gbp": 184.84,
   "per_mwh_delivered_gbp": 46.78,
   "since_year": 2002,
   "real_2024": {
    "cumulative_gbp": 131832100823.91003,
    "runrate_gbp_per_year": 12336157604.51004,
    "rate_gbp_per_sec": 390.90924545941516,
    "per_household_per_year_gbp": 425.38,
    "per_person_per_year_gbp": 178.01,
    "per_mwh_delivered_gbp": 45.05
   }
  }
 },
 "indirect": {
  "cumulative_gbp": 78246605119.73718,
  "runrate_gbp_per_year": 7984036453.2977705,
  "rate_gbp_per_sec": 252.998848242508,
  "per_household_per_year_gbp": 275.31,
  "per_person_per_year_gbp": 115.2,
  "per_mwh_delivered_gbp": 29.16,
  "since_year": 2002,
  "real_2024": {
   "cumulative_gbp": 95809949658.92696,
   "runrate_gbp_per_year": 7688974236.545462,
   "rate_gbp_per_sec": 243.64889080745877,
   "per_household_per_year_gbp": 265.13,
   "per_person_per_year_gbp": 110.95,
   "per_mwh_delivered_gbp": 28.08
  }
 }
}