{
 "generated_at": "2026-06-18T07:12:07.152575+00:00",
 "perspectives": {
  "renewables": {
   "cumulative_gbp": 108705261747.61801,
   "runrate_gbp_per_year": 12818231344.419052,
   "rate_gbp_per_sec": 406.1852404624893,
   "per_household_per_year_gbp": 442.0,
   "per_person_per_year_gbp": 184.96,
   "per_mwh_delivered_gbp": 46.81,
   "since_year": 2002,
   "real_2024": {
    "cumulative_gbp": 131765868187.17145,
    "runrate_gbp_per_year": 12344514099.081825,
    "rate_gbp_per_sec": 391.17404679322334,
    "per_household_per_year_gbp": 425.67,
    "per_person_per_year_gbp": 178.13,
    "per_mwh_delivered_gbp": 45.08
   }
  },
  "low_carbon": {
   "cumulative_gbp": 108705261747.61801,
   "runrate_gbp_per_year": 12818231344.419052,
   "rate_gbp_per_sec": 406.1852404624893,
   "per_household_per_year_gbp": 442.0,
   "per_person_per_year_gbp": 184.96,
   "per_mwh_delivered_gbp": 46.81,
   "since_year": 2002,
   "real_2024": {
    "cumulative_gbp": 131765868187.17145,
    "runrate_gbp_per_year": 12344514099.081825,
    "rate_gbp_per_sec": 391.17404679322334,
    "per_household_per_year_gbp": 425.67,
    "per_person_per_year_gbp": 178.13,
    "per_mwh_delivered_gbp": 45.08
   }
  }
 },
 "indirect": {
  "cumulative_gbp": 78265870717.30885,
  "runrate_gbp_per_year": 8012546390.812456,
  "rate_gbp_per_sec": 253.90227364604584,
  "per_household_per_year_gbp": 276.29,
  "per_person_per_year_gbp": 115.62,
  "per_mwh_delivered_gbp": 29.26,
  "since_year": 2002,
  "real_2024": {
   "cumulative_gbp": 95828503267.02315,
   "runrate_gbp_per_year": 7716430545.934605,
   "rate_gbp_per_sec": 244.51892875043112,
   "per_household_per_year_gbp": 266.08,
   "per_person_per_year_gbp": 111.34,
   "per_mwh_delivered_gbp": 28.18
  }
 }
}