{
 "generated_at": "2026-06-17T07:19:37.091663+00:00",
 "perspectives": {
  "renewables": {
   "cumulative_gbp": 108699445348.75888,
   "runrate_gbp_per_year": 12839460325.414497,
   "rate_gbp_per_sec": 406.85794627647533,
   "per_household_per_year_gbp": 442.74,
   "per_person_per_year_gbp": 185.27,
   "per_mwh_delivered_gbp": 46.89,
   "since_year": 2002,
   "real_2024": {
    "cumulative_gbp": 131760266742.1806,
    "runrate_gbp_per_year": 12364958530.779613,
    "rate_gbp_per_sec": 391.8218917401708,
    "per_household_per_year_gbp": 426.37,
    "per_person_per_year_gbp": 178.42,
    "per_mwh_delivered_gbp": 45.16
   }
  },
  "low_carbon": {
   "cumulative_gbp": 108699445348.75888,
   "runrate_gbp_per_year": 12839460325.414497,
   "rate_gbp_per_sec": 406.85794627647533,
   "per_household_per_year_gbp": 442.74,
   "per_person_per_year_gbp": 185.27,
   "per_mwh_delivered_gbp": 46.89,
   "since_year": 2002,
   "real_2024": {
    "cumulative_gbp": 131760266742.1806,
    "runrate_gbp_per_year": 12364958530.779613,
    "rate_gbp_per_sec": 391.8218917401708,
    "per_household_per_year_gbp": 426.37,
    "per_person_per_year_gbp": 178.42,
    "per_mwh_delivered_gbp": 45.16
   }
  }
 },
 "indirect": {
  "cumulative_gbp": 77824195121.838,
  "runrate_gbp_per_year": 7997847019.030944,
  "rate_gbp_per_sec": 253.4364786622222,
  "per_household_per_year_gbp": 275.78,
  "per_person_per_year_gbp": 115.4,
  "per_mwh_delivered_gbp": 29.21,
  "since_year": 2002,
  "real_2024": {
   "cumulative_gbp": 95289213807.40674,
   "runrate_gbp_per_year": 7702274411.805887,
   "rate_gbp_per_sec": 244.07034792905313,
   "per_household_per_year_gbp": 265.59,
   "per_person_per_year_gbp": 111.14,
   "per_mwh_delivered_gbp": 28.13
  }
 }
}