{
 "generated_at": "2026-06-13T06:52:28.387148+00:00",
 "perspectives": {
  "renewables": {
   "cumulative_gbp": 105478162683.49948,
   "runrate_gbp_per_year": 12216109860.156998,
   "rate_gbp_per_sec": 387.1051619944799,
   "per_household_per_year_gbp": 421.25,
   "per_person_per_year_gbp": 176.28,
   "per_mwh_delivered_gbp": 44.62,
   "since_year": 2002,
   "real_2024": {
    "cumulative_gbp": 128110751975.56783,
    "runrate_gbp_per_year": 11764644930.5425,
    "rate_gbp_per_sec": 372.7991016599013,
    "per_household_per_year_gbp": 405.68,
    "per_person_per_year_gbp": 169.76,
    "per_mwh_delivered_gbp": 42.97
   }
  },
  "low_carbon": {
   "cumulative_gbp": 108628542381.01949,
   "runrate_gbp_per_year": 12801922844.141827,
   "rate_gbp_per_sec": 405.6684552735895,
   "per_household_per_year_gbp": 441.45,
   "per_person_per_year_gbp": 184.73,
   "per_mwh_delivered_gbp": 46.76,
   "since_year": 2002,
   "real_2024": {
    "cumulative_gbp": 131691984101.51497,
    "runrate_gbp_per_year": 12328808304.249628,
    "rate_gbp_per_sec": 390.6763601873916,
    "per_household_per_year_gbp": 425.13,
    "per_person_per_year_gbp": 177.9,
    "per_mwh_delivered_gbp": 45.03
   }
  }
 },
 "indirect": {
  "cumulative_gbp": 77808498292.55038,
  "runrate_gbp_per_year": 8016612420.301113,
  "rate_gbp_per_sec": 254.03111834553684,
  "per_household_per_year_gbp": 276.43,
  "per_person_per_year_gbp": 115.68,
  "per_mwh_delivered_gbp": 29.28,
  "since_year": 2002,
  "real_2024": {
   "cumulative_gbp": 95274097078.33194,
   "runrate_gbp_per_year": 7720346309.116072,
   "rate_gbp_per_sec": 244.6430117979844,
   "per_household_per_year_gbp": 266.22,
   "per_person_per_year_gbp": 111.4,
   "per_mwh_delivered_gbp": 28.2
  }
 }
}