{
 "generated_at": "2026-07-15T07:30:45.332621+00:00",
 "perspectives": {
  "renewables": {
   "cumulative_gbp": 108884690283.62968,
   "runrate_gbp_per_year": 12809740882.333632,
   "rate_gbp_per_sec": 405.9161939543448,
   "per_household_per_year_gbp": 441.71,
   "per_person_per_year_gbp": 184.84,
   "per_mwh_delivered_gbp": 46.78,
   "since_year": 2002,
   "real_2024": {
    "cumulative_gbp": 131938665660.94359,
    "runrate_gbp_per_year": 12336337414.94304,
    "rate_gbp_per_sec": 390.914943308206,
    "per_household_per_year_gbp": 425.39,
    "per_person_per_year_gbp": 178.01,
    "per_mwh_delivered_gbp": 45.05
   }
  },
  "low_carbon": {
   "cumulative_gbp": 108884690283.62968,
   "runrate_gbp_per_year": 12809740882.333632,
   "rate_gbp_per_sec": 405.9161939543448,
   "per_household_per_year_gbp": 441.71,
   "per_person_per_year_gbp": 184.84,
   "per_mwh_delivered_gbp": 46.78,
   "since_year": 2002,
   "real_2024": {
    "cumulative_gbp": 131938665660.94359,
    "runrate_gbp_per_year": 12336337414.94304,
    "rate_gbp_per_sec": 390.914943308206,
    "per_household_per_year_gbp": 425.39,
    "per_person_per_year_gbp": 178.01,
    "per_mwh_delivered_gbp": 45.05
   }
  }
 },
 "indirect": {
  "cumulative_gbp": 78403513411.45619,
  "runrate_gbp_per_year": 7949432467.909803,
  "rate_gbp_per_sec": 251.90231411481872,
  "per_household_per_year_gbp": 274.11,
  "per_person_per_year_gbp": 114.71,
  "per_mwh_delivered_gbp": 29.03,
  "since_year": 2002,
  "real_2024": {
   "cumulative_gbp": 95961059165.952,
   "runrate_gbp_per_year": 7655649094.095745,
   "rate_gbp_per_sec": 242.59288076709717,
   "per_household_per_year_gbp": 263.98,
   "per_person_per_year_gbp": 110.47,
   "per_mwh_delivered_gbp": 27.96
  }
 }
}