{
 "generated_at": "2026-07-05T08:28:11.668240+00:00",
 "perspectives": {
  "renewables": {
   "cumulative_gbp": 108812307563.47763,
   "runrate_gbp_per_year": 12814317126.581478,
   "rate_gbp_per_sec": 406.061206383929,
   "per_household_per_year_gbp": 441.87,
   "per_person_per_year_gbp": 184.91,
   "per_mwh_delivered_gbp": 46.8,
   "since_year": 2002,
   "real_2024": {
    "cumulative_gbp": 131868957962.03233,
    "runrate_gbp_per_year": 12340744537.120857,
    "rate_gbp_per_sec": 391.0545965827838,
    "per_household_per_year_gbp": 425.54,
    "per_person_per_year_gbp": 178.07,
    "per_mwh_delivered_gbp": 45.07
   }
  },
  "low_carbon": {
   "cumulative_gbp": 108812307563.47763,
   "runrate_gbp_per_year": 12814317126.581478,
   "rate_gbp_per_sec": 406.061206383929,
   "per_household_per_year_gbp": 441.87,
   "per_person_per_year_gbp": 184.91,
   "per_mwh_delivered_gbp": 46.8,
   "since_year": 2002,
   "real_2024": {
    "cumulative_gbp": 131868957962.03233,
    "runrate_gbp_per_year": 12340744537.120857,
    "rate_gbp_per_sec": 391.0545965827838,
    "per_household_per_year_gbp": 425.54,
    "per_person_per_year_gbp": 178.07,
    "per_mwh_delivered_gbp": 45.07
   }
  }
 },
 "indirect": {
  "cumulative_gbp": 78271360664.20825,
  "runrate_gbp_per_year": 7925368670.838622,
  "rate_gbp_per_sec": 251.13977840008815,
  "per_household_per_year_gbp": 273.28,
  "per_person_per_year_gbp": 114.36,
  "per_mwh_delivered_gbp": 28.94,
  "since_year": 2002,
  "real_2024": {
   "cumulative_gbp": 95833790324.58061,
   "runrate_gbp_per_year": 7632474611.264152,
   "rate_gbp_per_sec": 241.85852572008488,
   "per_household_per_year_gbp": 263.18,
   "per_person_per_year_gbp": 110.13,
   "per_mwh_delivered_gbp": 27.87
  }
 }
}