{
 "generated_at": "2026-07-01T06:58:58.473794+00:00",
 "perspectives": {
  "renewables": {
   "cumulative_gbp": 108797625667.10995,
   "runrate_gbp_per_year": 12822256036.93634,
   "rate_gbp_per_sec": 406.3127752724016,
   "per_household_per_year_gbp": 442.14,
   "per_person_per_year_gbp": 185.02,
   "per_mwh_delivered_gbp": 46.83,
   "since_year": 2002,
   "real_2024": {
    "cumulative_gbp": 131854818657.48471,
    "runrate_gbp_per_year": 12348390052.962606,
    "rate_gbp_per_sec": 391.29686836016066,
    "per_household_per_year_gbp": 425.8,
    "per_person_per_year_gbp": 178.18,
    "per_mwh_delivered_gbp": 45.1
   }
  },
  "low_carbon": {
   "cumulative_gbp": 108797625667.10995,
   "runrate_gbp_per_year": 12822256036.93634,
   "rate_gbp_per_sec": 406.3127752724016,
   "per_household_per_year_gbp": 442.14,
   "per_person_per_year_gbp": 185.02,
   "per_mwh_delivered_gbp": 46.83,
   "since_year": 2002,
   "real_2024": {
    "cumulative_gbp": 131854818657.48471,
    "runrate_gbp_per_year": 12348390052.962606,
    "rate_gbp_per_sec": 391.29686836016066,
    "per_household_per_year_gbp": 425.8,
    "per_person_per_year_gbp": 178.18,
    "per_mwh_delivered_gbp": 45.1
   }
  }
 },
 "indirect": {
  "cumulative_gbp": 78281395534.10591,
  "runrate_gbp_per_year": 7956337664.402603,
  "rate_gbp_per_sec": 252.12112658765568,
  "per_household_per_year_gbp": 274.35,
  "per_person_per_year_gbp": 114.81,
  "per_mwh_delivered_gbp": 29.05,
  "since_year": 2002,
  "real_2024": {
   "cumulative_gbp": 95843454340.59076,
   "runrate_gbp_per_year": 7662299098.544246,
   "rate_gbp_per_sec": 242.8036066920249,
   "per_household_per_year_gbp": 264.21,
   "per_person_per_year_gbp": 110.56,
   "per_mwh_delivered_gbp": 27.98
  }
 }
}