{
 "generated_at": "2026-06-11T20:17:40.397667+00:00",
 "perspectives": {
  "renewables": {
   "cumulative_gbp": 105447821923.12259,
   "runrate_gbp_per_year": 12190654152.465673,
   "rate_gbp_per_sec": 386.2985192937889,
   "per_household_per_year_gbp": 429.25,
   "per_person_per_year_gbp": 178.49,
   "per_mwh_delivered_gbp": 44.52,
   "since_year": 2002,
   "real_2024": {
    "cumulative_gbp": 128081532504.16508,
    "runrate_gbp_per_year": 11740129977.265856,
    "rate_gbp_per_sec": 372.0222696677141,
    "per_household_per_year_gbp": 413.38,
    "per_person_per_year_gbp": 171.89,
    "per_mwh_delivered_gbp": 42.88
   }
  },
  "low_carbon": {
   "cumulative_gbp": 108596795236.0326,
   "runrate_gbp_per_year": 12776579377.895586,
   "rate_gbp_per_sec": 404.8653692896667,
   "per_household_per_year_gbp": 449.88,
   "per_person_per_year_gbp": 187.07,
   "per_mwh_delivered_gbp": 46.66,
   "since_year": 2002,
   "real_2024": {
    "cumulative_gbp": 131661410220.58565,
    "runrate_gbp_per_year": 12304401444.364662,
    "rate_gbp_per_sec": 389.90295346809205,
    "per_household_per_year_gbp": 433.25,
    "per_person_per_year_gbp": 180.15,
    "per_mwh_delivered_gbp": 44.94
   }
  }
 },
 "indirect": {
  "cumulative_gbp": 77653595162.27028,
  "runrate_gbp_per_year": 7997721356.103278,
  "rate_gbp_per_sec": 253.43249664433537,
  "per_household_per_year_gbp": 281.61,
  "per_person_per_year_gbp": 117.1,
  "per_mwh_delivered_gbp": 29.21,
  "since_year": 2002,
  "real_2024": {
   "cumulative_gbp": 95124918628.95349,
   "runrate_gbp_per_year": 7702153392.94294,
   "rate_gbp_per_sec": 244.0665130726969,
   "per_household_per_year_gbp": 271.2,
   "per_person_per_year_gbp": 112.77,
   "per_mwh_delivered_gbp": 28.13
  }
 }
}