{
 "generated_at": "2026-07-03T08:37:00.301732+00:00",
 "perspectives": {
  "renewables": {
   "cumulative_gbp": 108809464823.0549,
   "runrate_gbp_per_year": 12812816708.471922,
   "rate_gbp_per_sec": 406.01366100311566,
   "per_household_per_year_gbp": 441.82,
   "per_person_per_year_gbp": 184.88,
   "per_mwh_delivered_gbp": 46.79,
   "since_year": 2002,
   "real_2024": {
    "cumulative_gbp": 131866220279.40784,
    "runrate_gbp_per_year": 12339299569.245785,
    "rate_gbp_per_sec": 391.0088083138701,
    "per_household_per_year_gbp": 425.49,
    "per_person_per_year_gbp": 178.05,
    "per_mwh_delivered_gbp": 45.06
   }
  },
  "low_carbon": {
   "cumulative_gbp": 108809464823.0549,
   "runrate_gbp_per_year": 12812816708.471922,
   "rate_gbp_per_sec": 406.01366100311566,
   "per_household_per_year_gbp": 441.82,
   "per_person_per_year_gbp": 184.88,
   "per_mwh_delivered_gbp": 46.79,
   "since_year": 2002,
   "real_2024": {
    "cumulative_gbp": 131866220279.40784,
    "runrate_gbp_per_year": 12339299569.245785,
    "rate_gbp_per_sec": 391.0088083138701,
    "per_household_per_year_gbp": 425.49,
    "per_person_per_year_gbp": 178.05,
    "per_mwh_delivered_gbp": 45.06
   }
  }
 },
 "indirect": {
  "cumulative_gbp": 78273873364.27098,
  "runrate_gbp_per_year": 7940829495.305562,
  "rate_gbp_per_sec": 251.62970236347383,
  "per_household_per_year_gbp": 273.82,
  "per_person_per_year_gbp": 114.58,
  "per_mwh_delivered_gbp": 29.0,
  "since_year": 2002,
  "real_2024": {
   "cumulative_gbp": 95836210163.98885,
   "runrate_gbp_per_year": 7647364057.435574,
   "rate_gbp_per_sec": 242.3303437978672,
   "per_household_per_year_gbp": 263.7,
   "per_person_per_year_gbp": 110.35,
   "per_mwh_delivered_gbp": 27.93
  }
 }
}