{
 "generated_at": "2026-07-22T07:56:25.138244+00:00",
 "perspectives": {
  "renewables": {
   "cumulative": 108910610657.90616,
   "runrate_per_year": 12788520422.510965,
   "rate_per_sec": 405.2437581600301,
   "per_household_per_year": 440.98,
   "per_person_per_year": 184.53,
   "per_mwh_delivered": 46.7,
   "since_year": 2002,
   "real": {
    "cumulative": 131963628102.30222,
    "runrate_per_year": 12315901189.505125,
    "rate_per_sec": 390.26735840194203,
    "per_household_per_year": 424.68,
    "per_person_per_year": 177.71,
    "per_mwh_delivered": 44.98
   }
  },
  "low_carbon": {
   "cumulative": 108910610657.90616,
   "runrate_per_year": 12788520422.510965,
   "rate_per_sec": 405.2437581600301,
   "per_household_per_year": 440.98,
   "per_person_per_year": 184.53,
   "per_mwh_delivered": 46.7,
   "since_year": 2002,
   "real": {
    "cumulative": 131963628102.30222,
    "runrate_per_year": 12315901189.505125,
    "rate_per_sec": 390.26735840194203,
    "per_household_per_year": 424.68,
    "per_person_per_year": 177.71,
    "per_mwh_delivered": 44.98
   }
  }
 },
 "indirect": {
  "cumulative": 78587460337.78673,
  "runrate_per_year": 8008325689.075294,
  "rate_per_sec": 253.7685276787618,
  "per_household_per_year": 276.14,
  "per_person_per_year": 115.56,
  "per_mwh_delivered": 29.24,
  "since_year": 2002,
  "real": {
   "cumulative": 96138208053.70074,
   "runrate_per_year": 7712365826.6529455,
   "rate_per_sec": 244.39012556889452,
   "per_household_per_year": 265.94,
   "per_person_per_year": 111.28,
   "per_mwh_delivered": 28.16
  }
 }
}