{
 "generated_at": "2026-06-23T06:51:18.162737+00:00",
 "perspectives": {
  "renewables": {
   "cumulative_gbp": 108743491616.8585,
   "runrate_gbp_per_year": 12797970888.939568,
   "rate_gbp_per_sec": 405.5432253701032,
   "per_household_per_year_gbp": 441.3,
   "per_person_per_year_gbp": 184.67,
   "per_mwh_delivered_gbp": 46.74,
   "since_year": 2002,
   "real_2024": {
    "cumulative_gbp": 131802685213.42491,
    "runrate_gbp_per_year": 12325002399.565714,
    "rate_gbp_per_sec": 390.5557583455559,
    "per_household_per_year_gbp": 425.0,
    "per_person_per_year_gbp": 177.84,
    "per_mwh_delivered_gbp": 45.01
   }
  },
  "low_carbon": {
   "cumulative_gbp": 108743491616.8585,
   "runrate_gbp_per_year": 12797970888.939568,
   "rate_gbp_per_sec": 405.5432253701032,
   "per_household_per_year_gbp": 441.3,
   "per_person_per_year_gbp": 184.67,
   "per_mwh_delivered_gbp": 46.74,
   "since_year": 2002,
   "real_2024": {
    "cumulative_gbp": 131802685213.42491,
    "runrate_gbp_per_year": 12325002399.565714,
    "rate_gbp_per_sec": 390.5557583455559,
    "per_household_per_year_gbp": 425.0,
    "per_person_per_year_gbp": 177.84,
    "per_mwh_delivered_gbp": 45.01
   }
  }
 },
 "indirect": {
  "cumulative_gbp": 78251652977.42036,
  "runrate_gbp_per_year": 8007107607.7138,
  "rate_gbp_per_sec": 253.72992900961418,
  "per_household_per_year_gbp": 276.1,
  "per_person_per_year_gbp": 115.54,
  "per_mwh_delivered_gbp": 29.24,
  "since_year": 2002,
  "real_2024": {
   "cumulative_gbp": 95814810965.34793,
   "runrate_gbp_per_year": 7711192761.341768,
   "rate_gbp_per_sec": 244.35295337230235,
   "per_household_per_year_gbp": 265.9,
   "per_person_per_year_gbp": 111.27,
   "per_mwh_delivered_gbp": 28.16
  }
 }
}