{
 "generated_at": "2026-06-27T06:40:28.668597+00:00",
 "perspectives": {
  "renewables": {
   "cumulative_gbp": 108777623932.6372,
   "runrate_gbp_per_year": 12807950552.461365,
   "rate_gbp_per_sec": 405.85946182413636,
   "per_household_per_year_gbp": 441.65,
   "per_person_per_year_gbp": 184.81,
   "per_mwh_delivered_gbp": 46.77,
   "since_year": 2002,
   "real_2024": {
    "cumulative_gbp": 131835556117.54721,
    "runrate_gbp_per_year": 12334613249.43562,
    "rate_gbp_per_sec": 390.86030780020087,
    "per_household_per_year_gbp": 425.33,
    "per_person_per_year_gbp": 177.98,
    "per_mwh_delivered_gbp": 45.04
   }
  },
  "low_carbon": {
   "cumulative_gbp": 108777623932.6372,
   "runrate_gbp_per_year": 12807950552.461365,
   "rate_gbp_per_sec": 405.85946182413636,
   "per_household_per_year_gbp": 441.65,
   "per_person_per_year_gbp": 184.81,
   "per_mwh_delivered_gbp": 46.77,
   "since_year": 2002,
   "real_2024": {
    "cumulative_gbp": 131835556117.54721,
    "runrate_gbp_per_year": 12334613249.43562,
    "rate_gbp_per_sec": 390.86030780020087,
    "per_household_per_year_gbp": 425.33,
    "per_person_per_year_gbp": 177.98,
    "per_mwh_delivered_gbp": 45.04
   }
  }
 },
 "indirect": {
  "cumulative_gbp": 78287295089.95267,
  "runrate_gbp_per_year": 7978239193.2515955,
  "rate_gbp_per_sec": 252.81514415708403,
  "per_household_per_year_gbp": 275.11,
  "per_person_per_year_gbp": 115.12,
  "per_mwh_delivered_gbp": 29.13,
  "since_year": 2002,
  "real_2024": {
   "cumulative_gbp": 95849135869.37361,
   "runrate_gbp_per_year": 7683391223.066211,
   "rate_gbp_per_sec": 243.47197578606136,
   "per_household_per_year_gbp": 264.94,
   "per_person_per_year_gbp": 110.87,
   "per_mwh_delivered_gbp": 28.06
  }
 }
}