{
 "generated_at": "2026-07-09T08:57:55.716552+00:00",
 "perspectives": {
  "renewables": {
   "cumulative_gbp": 108839986623.13084,
   "runrate_gbp_per_year": 12820093970.48179,
   "rate_gbp_per_sec": 406.24426352073004,
   "per_household_per_year_gbp": 442.07,
   "per_person_per_year_gbp": 184.99,
   "per_mwh_delivered_gbp": 46.82,
   "since_year": 2002,
   "real_2024": {
    "cumulative_gbp": 131895614096.50282,
    "runrate_gbp_per_year": 12346307888.963985,
    "rate_gbp_per_sec": 391.23088856452915,
    "per_household_per_year_gbp": 425.73,
    "per_person_per_year_gbp": 178.15,
    "per_mwh_delivered_gbp": 45.09
   }
  },
  "low_carbon": {
   "cumulative_gbp": 108839986623.13084,
   "runrate_gbp_per_year": 12820093970.48179,
   "rate_gbp_per_sec": 406.24426352073004,
   "per_household_per_year_gbp": 442.07,
   "per_person_per_year_gbp": 184.99,
   "per_mwh_delivered_gbp": 46.82,
   "since_year": 2002,
   "real_2024": {
    "cumulative_gbp": 131895614096.50282,
    "runrate_gbp_per_year": 12346307888.963985,
    "rate_gbp_per_sec": 391.23088856452915,
    "per_household_per_year_gbp": 425.73,
    "per_person_per_year_gbp": 178.15,
    "per_mwh_delivered_gbp": 45.09
   }
  }
 },
 "indirect": {
  "cumulative_gbp": 78404655226.10503,
  "runrate_gbp_per_year": 7942866607.367666,
  "rate_gbp_per_sec": 251.69425454938482,
  "per_household_per_year_gbp": 273.89,
  "per_person_per_year_gbp": 114.61,
  "per_mwh_delivered_gbp": 29.0,
  "since_year": 2002,
  "real_2024": {
   "cumulative_gbp": 95962158783.10294,
   "runrate_gbp_per_year": 7649325884.92147,
   "rate_gbp_per_sec": 242.39251035951625,
   "per_household_per_year_gbp": 263.76,
   "per_person_per_year_gbp": 110.37,
   "per_mwh_delivered_gbp": 27.93
  }
 }
}