{
 "generated_at": "2026-06-15T20:37:44.996568+00:00",
 "perspectives": {
  "renewables": {
   "cumulative_gbp": 108666448195.95325,
   "runrate_gbp_per_year": 12864256345.252584,
   "rate_gbp_per_sec": 407.64368473054304,
   "per_household_per_year_gbp": 443.6,
   "per_person_per_year_gbp": 185.63,
   "per_mwh_delivered_gbp": 46.98,
   "since_year": 2002,
   "real_2024": {
    "cumulative_gbp": 131728489049.37512,
    "runrate_gbp_per_year": 12388838175.97151,
    "rate_gbp_per_sec": 392.5785920339795,
    "per_household_per_year_gbp": 427.2,
    "per_person_per_year_gbp": 178.77,
    "per_mwh_delivered_gbp": 45.25
   }
  },
  "low_carbon": {
   "cumulative_gbp": 108666448195.95325,
   "runrate_gbp_per_year": 12864256345.252584,
   "rate_gbp_per_sec": 407.64368473054304,
   "per_household_per_year_gbp": 443.6,
   "per_person_per_year_gbp": 185.63,
   "per_mwh_delivered_gbp": 46.98,
   "since_year": 2002,
   "real_2024": {
    "cumulative_gbp": 131728489049.37512,
    "runrate_gbp_per_year": 12388838175.97151,
    "rate_gbp_per_sec": 392.5785920339795,
    "per_household_per_year_gbp": 427.2,
    "per_person_per_year_gbp": 178.77,
    "per_mwh_delivered_gbp": 45.25
   }
  }
 },
 "indirect": {
  "cumulative_gbp": 77770592551.62363,
  "runrate_gbp_per_year": 7954278993.248043,
  "rate_gbp_per_sec": 252.05589123532977,
  "per_household_per_year_gbp": 274.29,
  "per_person_per_year_gbp": 114.78,
  "per_mwh_delivered_gbp": 29.05,
  "since_year": 2002,
  "real_2024": {
   "cumulative_gbp": 95237592201.74377,
   "runrate_gbp_per_year": 7660316508.714963,
   "rate_gbp_per_sec": 242.7407822114154,
   "per_household_per_year_gbp": 264.15,
   "per_person_per_year_gbp": 110.54,
   "per_mwh_delivered_gbp": 27.98
  }
 }
}