{
 "generated_at": "2026-06-10T11:59:24.627326+00:00",
 "perspectives": {
  "renewables": {
   "cumulative_gbp": 105434850685.06178,
   "runrate_gbp_per_year": 12172272576.688646,
   "rate_gbp_per_sec": 385.7160423064063,
   "per_household_per_year_gbp": 428.6,
   "per_person_per_year_gbp": 178.22,
   "per_mwh_delivered_gbp": 44.46,
   "since_year": 2002,
   "real_2024": {
    "cumulative_gbp": 128069040637.94566,
    "runrate_gbp_per_year": 11722427720.593632,
    "rate_gbp_per_sec": 371.4613190037782,
    "per_household_per_year_gbp": 412.76,
    "per_person_per_year_gbp": 171.63,
    "per_mwh_delivered_gbp": 42.81
   }
  },
  "low_carbon": {
   "cumulative_gbp": 108583038079.79178,
   "runrate_gbp_per_year": 12758935596.88155,
   "rate_gbp_per_sec": 404.30627160752243,
   "per_household_per_year_gbp": 449.26,
   "per_person_per_year_gbp": 186.81,
   "per_mwh_delivered_gbp": 46.6,
   "since_year": 2002,
   "real_2024": {
    "cumulative_gbp": 131648161480.98851,
    "runrate_gbp_per_year": 12287409716.127232,
    "rate_gbp_per_sec": 389.36451809159223,
    "per_household_per_year_gbp": 432.66,
    "per_person_per_year_gbp": 179.9,
    "per_mwh_delivered_gbp": 44.88
   }
  }
 },
 "indirect": {
  "cumulative_gbp": 77663649642.6911,
  "runrate_gbp_per_year": 8022494915.454621,
  "rate_gbp_per_sec": 254.2175233685268,
  "per_household_per_year_gbp": 282.48,
  "per_person_per_year_gbp": 117.46,
  "per_mwh_delivered_gbp": 29.3,
  "since_year": 2002,
  "real_2024": {
   "cumulative_gbp": 95134601530.75005,
   "runrate_gbp_per_year": 7726011407.709559,
   "rate_gbp_per_sec": 244.82252793968993,
   "per_household_per_year_gbp": 272.04,
   "per_person_per_year_gbp": 113.12,
   "per_mwh_delivered_gbp": 28.22
  }
 }
}