{
 "generated_at": "2026-07-07T08:51:37.688768+00:00",
 "perspectives": {
  "renewables": {
   "cumulative_gbp": 108817939452.89545,
   "runrate_gbp_per_year": 12819873704.210411,
   "rate_gbp_per_sec": 406.2372837037801,
   "per_household_per_year_gbp": 442.06,
   "per_person_per_year_gbp": 184.99,
   "per_mwh_delivered_gbp": 46.82,
   "since_year": 2002,
   "real_2024": {
    "cumulative_gbp": 131874381714.457,
    "runrate_gbp_per_year": 12346095762.967852,
    "rate_gbp_per_sec": 391.22416669733605,
    "per_household_per_year_gbp": 425.72,
    "per_person_per_year_gbp": 178.15,
    "per_mwh_delivered_gbp": 45.09
   }
  },
  "low_carbon": {
   "cumulative_gbp": 108817939452.89545,
   "runrate_gbp_per_year": 12819873704.210411,
   "rate_gbp_per_sec": 406.2372837037801,
   "per_household_per_year_gbp": 442.06,
   "per_person_per_year_gbp": 184.99,
   "per_mwh_delivered_gbp": 46.82,
   "since_year": 2002,
   "real_2024": {
    "cumulative_gbp": 131874381714.457,
    "runrate_gbp_per_year": 12346095762.967852,
    "rate_gbp_per_sec": 391.22416669733605,
    "per_household_per_year_gbp": 425.72,
    "per_person_per_year_gbp": 178.15,
    "per_mwh_delivered_gbp": 45.09
   }
  }
 },
 "indirect": {
  "cumulative_gbp": 78268641781.69043,
  "runrate_gbp_per_year": 7918631031.276854,
  "rate_gbp_per_sec": 250.92627548599557,
  "per_household_per_year_gbp": 273.05,
  "per_person_per_year_gbp": 114.26,
  "per_mwh_delivered_gbp": 28.92,
  "since_year": 2002,
  "real_2024": {
   "cumulative_gbp": 95831171922.50366,
   "runrate_gbp_per_year": 7625985971.425318,
   "rate_gbp_per_sec": 241.65291313107835,
   "per_household_per_year_gbp": 262.96,
   "per_person_per_year_gbp": 110.04,
   "per_mwh_delivered_gbp": 27.85
  }
 }
}