{
 "generated_at": "2026-06-16T07:21:51.060674+00:00",
 "perspectives": {
  "renewables": {
   "cumulative_gbp": 108670978712.73792,
   "runrate_gbp_per_year": 12856026658.941757,
   "rate_gbp_per_sec": 407.3829017080436,
   "per_household_per_year_gbp": 443.31,
   "per_person_per_year_gbp": 185.51,
   "per_mwh_delivered_gbp": 46.95,
   "since_year": 2002,
   "real_2024": {
    "cumulative_gbp": 131732852134.01776,
    "runrate_gbp_per_year": 12380912630.241735,
    "rate_gbp_per_sec": 392.32744664492026,
    "per_household_per_year_gbp": 426.92,
    "per_person_per_year_gbp": 178.65,
    "per_mwh_delivered_gbp": 45.21
   }
  },
  "low_carbon": {
   "cumulative_gbp": 108670978712.73792,
   "runrate_gbp_per_year": 12856026658.941757,
   "rate_gbp_per_sec": 407.3829017080436,
   "per_household_per_year_gbp": 443.31,
   "per_person_per_year_gbp": 185.51,
   "per_mwh_delivered_gbp": 46.95,
   "since_year": 2002,
   "real_2024": {
    "cumulative_gbp": 131732852134.01776,
    "runrate_gbp_per_year": 12380912630.241735,
    "rate_gbp_per_sec": 392.32744664492026,
    "per_household_per_year_gbp": 426.92,
    "per_person_per_year_gbp": 178.65,
    "per_mwh_delivered_gbp": 45.21
   }
  }
 },
 "indirect": {
  "cumulative_gbp": 77766062034.83896,
  "runrate_gbp_per_year": 7962508679.55887,
  "rate_gbp_per_sec": 252.3166742578292,
  "per_household_per_year_gbp": 274.56,
  "per_person_per_year_gbp": 114.89,
  "per_mwh_delivered_gbp": 29.08,
  "since_year": 2002,
  "real_2024": {
   "cumulative_gbp": 95233229117.10114,
   "runrate_gbp_per_year": 7668242054.444738,
   "rate_gbp_per_sec": 242.99192760047464,
   "per_household_per_year_gbp": 264.42,
   "per_person_per_year_gbp": 110.65,
   "per_mwh_delivered_gbp": 28.0
  }
 }
}