{
 "generated_at": "2026-07-24T07:56:32.778328+00:00",
 "perspectives": {
  "renewables": {
   "cumulative": 108917917289.71579,
   "runrate_per_year": 12784869562.591671,
   "rate_per_sec": 405.12806939031077,
   "per_household_per_year": 440.85,
   "per_person_per_year": 184.48,
   "per_mwh_delivered": 46.69,
   "since_year": 2002,
   "real": {
    "cumulative": 131970664706.41457,
    "runrate_per_year": 12312385252.669806,
    "rate_per_sec": 390.1559450867558,
    "per_household_per_year": 424.56,
    "per_person_per_year": 177.66,
    "per_mwh_delivered": 44.96
   }
  },
  "low_carbon": {
   "cumulative": 108917917289.71579,
   "runrate_per_year": 12784869562.591671,
   "rate_per_sec": 405.12806939031077,
   "per_household_per_year": 440.85,
   "per_person_per_year": 184.48,
   "per_mwh_delivered": 46.69,
   "since_year": 2002,
   "real": {
    "cumulative": 131970664706.41457,
    "runrate_per_year": 12312385252.669806,
    "rate_per_sec": 390.1559450867558,
    "per_household_per_year": 424.56,
    "per_person_per_year": 177.66,
    "per_mwh_delivered": 44.96
   }
  }
 },
 "indirect": {
  "cumulative": 78587493960.63707,
  "runrate_per_year": 8008449580.336109,
  "rate_per_sec": 253.77245355591393,
  "per_household_per_year": 276.15,
  "per_person_per_year": 115.56,
  "per_mwh_delivered": 29.24,
  "since_year": 2002,
  "real": {
   "cumulative": 96138240433.9675,
   "runrate_per_year": 7712485139.323688,
   "rate_per_sec": 244.3939063592823,
   "per_household_per_year": 265.94,
   "per_person_per_year": 111.29,
   "per_mwh_delivered": 28.16
  }
 }
}