{
 "generated_at": "2026-07-17T07:34:45.939346+00:00",
 "perspectives": {
  "renewables": {
   "cumulative": 108896345818.09969,
   "runrate_per_year": 12795662570.169975,
   "rate_per_sec": 405.4700791622295,
   "per_household_per_year": 441.22,
   "per_person_per_year": 184.64,
   "per_mwh_delivered": 46.73,
   "since_year": 2002,
   "real": {
    "cumulative": 131949890445.94743,
    "runrate_per_year": 12322779388.22891,
    "rate_per_sec": 390.4853153671036,
    "per_household_per_year": 424.92,
    "per_person_per_year": 177.81,
    "per_mwh_delivered": 45.0
   }
  },
  "low_carbon": {
   "cumulative": 108896345818.09969,
   "runrate_per_year": 12795662570.169975,
   "rate_per_sec": 405.4700791622295,
   "per_household_per_year": 441.22,
   "per_person_per_year": 184.64,
   "per_mwh_delivered": 46.73,
   "since_year": 2002,
   "real": {
    "cumulative": 131949890445.94743,
    "runrate_per_year": 12322779388.22891,
    "rate_per_sec": 390.4853153671036,
    "per_household_per_year": 424.92,
    "per_person_per_year": 177.81,
    "per_mwh_delivered": 45.0
   }
  }
 },
 "indirect": {
  "cumulative": 78403513411.45619,
  "runrate_per_year": 7959107470.682441,
  "rate_per_sec": 252.20889645227902,
  "per_household_per_year": 274.45,
  "per_person_per_year": 114.85,
  "per_mwh_delivered": 29.06,
  "since_year": 2002,
  "real": {
   "cumulative": 95961059165.952,
   "runrate_per_year": 7664966542.41809,
   "rate_per_sec": 242.88813288773827,
   "per_household_per_year": 264.3,
   "per_person_per_year": 110.6,
   "per_mwh_delivered": 27.99
  }
 }
}