{
 "generated_at": "2026-07-23T07:59:02.071624+00:00",
 "perspectives": {
  "renewables": {
   "cumulative": 108914890337.9576,
   "runrate_per_year": 12789205945.465778,
   "rate_per_sec": 405.26548107162074,
   "per_household_per_year": 441.0,
   "per_person_per_year": 184.54,
   "per_mwh_delivered": 46.71,
   "since_year": 2002,
   "real": {
    "cumulative": 131967749620.2648,
    "runrate_per_year": 12316561377.915956,
    "rate_per_sec": 390.28827851027825,
    "per_household_per_year": 424.7,
    "per_person_per_year": 177.72,
    "per_mwh_delivered": 44.98
   }
  },
  "low_carbon": {
   "cumulative": 108914890337.9576,
   "runrate_per_year": 12789205945.465778,
   "rate_per_sec": 405.26548107162074,
   "per_household_per_year": 441.0,
   "per_person_per_year": 184.54,
   "per_mwh_delivered": 46.71,
   "since_year": 2002,
   "real": {
    "cumulative": 131967749620.2648,
    "runrate_per_year": 12316561377.915956,
    "rate_per_sec": 390.28827851027825,
    "per_household_per_year": 424.7,
    "per_person_per_year": 177.72,
    "per_mwh_delivered": 44.98
   }
  }
 },
 "indirect": {
  "cumulative": 78587463470.52528,
  "runrate_per_year": 8008419069.340679,
  "rate_per_sec": 253.77148672081145,
  "per_household_per_year": 276.15,
  "per_person_per_year": 115.56,
  "per_mwh_delivered": 29.24,
  "since_year": 2002,
  "real": {
   "cumulative": 96138211070.66418,
   "runrate_per_year": 7712455755.908524,
   "rate_per_sec": 244.39297525504233,
   "per_household_per_year": 265.94,
   "per_person_per_year": 111.29,
   "per_mwh_delivered": 28.16
  }
 }
}