{
 "generated_at": "2026-06-14T07:06:25.085596+00:00",
 "perspectives": {
  "renewables": {
   "cumulative_gbp": 105496619104.16013,
   "runrate_gbp_per_year": 12261992576.186985,
   "rate_gbp_per_sec": 388.55909752918427,
   "per_household_per_year_gbp": 422.83,
   "per_person_per_year_gbp": 176.94,
   "per_mwh_delivered_gbp": 44.78,
   "since_year": 2002,
   "real_2024": {
    "cumulative_gbp": 128128526311.11711,
    "runrate_gbp_per_year": 11808831980.980074,
    "rate_gbp_per_sec": 374.19930479441007,
    "per_household_per_year_gbp": 407.2,
    "per_person_per_year_gbp": 170.4,
    "per_mwh_delivered_gbp": 43.13
   }
  },
  "low_carbon": {
   "cumulative_gbp": 108646998801.68013,
   "runrate_gbp_per_year": 12847805560.171814,
   "rate_gbp_per_sec": 407.12239080829386,
   "per_household_per_year_gbp": 443.03,
   "per_person_per_year_gbp": 185.39,
   "per_mwh_delivered_gbp": 46.92,
   "since_year": 2002,
   "real_2024": {
    "cumulative_gbp": 131709758437.06424,
    "runrate_gbp_per_year": 12372995354.687202,
    "rate_gbp_per_sec": 392.0765633219004,
    "per_household_per_year_gbp": 426.66,
    "per_person_per_year_gbp": 178.54,
    "per_mwh_delivered_gbp": 45.19
   }
  }
 },
 "indirect": {
  "cumulative_gbp": 77790041871.88974,
  "runrate_gbp_per_year": 7970729704.271126,
  "rate_gbp_per_sec": 252.57718281083243,
  "per_household_per_year_gbp": 274.85,
  "per_person_per_year_gbp": 115.02,
  "per_mwh_delivered_gbp": 29.11,
  "since_year": 2002,
  "real_2024": {
   "cumulative_gbp": 95256322742.78267,
   "runrate_gbp_per_year": 7676159258.678497,
   "rate_gbp_per_sec": 243.24280866347559,
   "per_household_per_year_gbp": 264.7,
   "per_person_per_year_gbp": 110.77,
   "per_mwh_delivered_gbp": 28.04
  }
 }
}