{
 "generated_at": "2026-06-12T23:56:44.907910+00:00",
 "perspectives": {
  "renewables": {
   "cumulative_gbp": 105464600848.68517,
   "runrate_gbp_per_year": 12216676554.776176,
   "rate_gbp_per_sec": 387.12311946333614,
   "per_household_per_year_gbp": 421.26,
   "per_person_per_year_gbp": 176.29,
   "per_mwh_delivered_gbp": 44.62,
   "since_year": 2002,
   "real_2024": {
    "cumulative_gbp": 128097691338.99666,
    "runrate_gbp_per_year": 11765190682.099665,
    "rate_gbp_per_sec": 372.81639548316934,
    "per_household_per_year_gbp": 405.7,
    "per_person_per_year_gbp": 169.77,
    "per_mwh_delivered_gbp": 42.97
   }
  },
  "low_carbon": {
   "cumulative_gbp": 108614028028.36517,
   "runrate_gbp_per_year": 12801980876.63075,
   "rate_gbp_per_sec": 405.67029421219456,
   "per_household_per_year_gbp": 441.45,
   "per_person_per_year_gbp": 184.73,
   "per_mwh_delivered_gbp": 46.76,
   "since_year": 2002,
   "real_2024": {
    "cumulative_gbp": 131678006148.85007,
    "runrate_gbp_per_year": 12328864192.059614,
    "rate_gbp_per_sec": 390.67813116522217,
    "per_household_per_year_gbp": 425.13,
    "per_person_per_year_gbp": 177.91,
    "per_mwh_delivered_gbp": 45.03
   }
  }
 },
 "indirect": {
  "cumulative_gbp": 77817798704.0647,
  "runrate_gbp_per_year": 8028597618.354241,
  "rate_gbp_per_sec": 254.41090635391288,
  "per_household_per_year_gbp": 276.85,
  "per_person_per_year_gbp": 115.85,
  "per_mwh_delivered_gbp": 29.32,
  "since_year": 2002,
  "real_2024": {
   "cumulative_gbp": 95283053778.98593,
   "runrate_gbp_per_year": 7731888575.936802,
   "rate_gbp_per_sec": 245.00876416257262,
   "per_household_per_year_gbp": 266.62,
   "per_person_per_year_gbp": 111.57,
   "per_mwh_delivered_gbp": 28.24
  }
 }
}