{
 "generated_at": "2026-06-12T22:02:36.176624+00:00",
 "perspectives": {
  "renewables": {
   "cumulative_gbp": 105464600848.68517,
   "runrate_gbp_per_year": 12216676554.776176,
   "rate_gbp_per_sec": 387.12311946333614,
   "per_household_per_year_gbp": 430.16,
   "per_person_per_year_gbp": 178.87,
   "per_mwh_delivered_gbp": 44.62,
   "since_year": 2002,
   "real_2024": {
    "cumulative_gbp": 128097691338.99666,
    "runrate_gbp_per_year": 11765190682.099665,
    "rate_gbp_per_sec": 372.81639548316934,
    "per_household_per_year_gbp": 414.27,
    "per_person_per_year_gbp": 172.26,
    "per_mwh_delivered_gbp": 42.97
   }
  },
  "low_carbon": {
   "cumulative_gbp": 108614028028.36517,
   "runrate_gbp_per_year": 12801980876.63075,
   "rate_gbp_per_sec": 405.67029421219456,
   "per_household_per_year_gbp": 450.77,
   "per_person_per_year_gbp": 187.44,
   "per_mwh_delivered_gbp": 46.76,
   "since_year": 2002,
   "real_2024": {
    "cumulative_gbp": 131678006148.85007,
    "runrate_gbp_per_year": 12328864192.059614,
    "rate_gbp_per_sec": 390.67813116522217,
    "per_household_per_year_gbp": 434.11,
    "per_person_per_year_gbp": 180.51,
    "per_mwh_delivered_gbp": 45.03
   }
  }
 },
 "indirect": {
  "cumulative_gbp": 77788680818.6677,
  "runrate_gbp_per_year": 8017984873.406214,
  "rate_gbp_per_sec": 254.0746087600519,
  "per_household_per_year_gbp": 282.32,
  "per_person_per_year_gbp": 117.39,
  "per_mwh_delivered_gbp": 29.28,
  "since_year": 2002,
  "real_2024": {
   "cumulative_gbp": 95255011989.3536,
   "runrate_gbp_per_year": 7721668041.128158,
   "rate_gbp_per_sec": 244.68489495804997,
   "per_household_per_year_gbp": 271.89,
   "per_person_per_year_gbp": 113.06,
   "per_mwh_delivered_gbp": 28.2
  }
 }
}