{
 "generated_at": "2026-06-21T07:11:55.354702+00:00",
 "perspectives": {
  "renewables": {
   "cumulative_gbp": 108725757407.16263,
   "runrate_gbp_per_year": 12795591599.739502,
   "rate_gbp_per_sec": 405.4678302449965,
   "per_household_per_year_gbp": 441.22,
   "per_person_per_year_gbp": 184.64,
   "per_mwh_delivered_gbp": 46.73,
   "since_year": 2002,
   "real_2024": {
    "cumulative_gbp": 131785606398.43445,
    "runrate_gbp_per_year": 12322711040.618694,
    "rate_gbp_per_sec": 390.4831495620292,
    "per_household_per_year_gbp": 424.92,
    "per_person_per_year_gbp": 177.81,
    "per_mwh_delivered_gbp": 45.0
   }
  },
  "low_carbon": {
   "cumulative_gbp": 108725757407.16263,
   "runrate_gbp_per_year": 12795591599.739502,
   "rate_gbp_per_sec": 405.4678302449965,
   "per_household_per_year_gbp": 441.22,
   "per_person_per_year_gbp": 184.64,
   "per_mwh_delivered_gbp": 46.73,
   "since_year": 2002,
   "real_2024": {
    "cumulative_gbp": 131785606398.43445,
    "runrate_gbp_per_year": 12322711040.618694,
    "rate_gbp_per_sec": 390.4831495620292,
    "per_household_per_year_gbp": 424.92,
    "per_person_per_year_gbp": 177.81,
    "per_mwh_delivered_gbp": 45.0
   }
  }
 },
 "indirect": {
  "cumulative_gbp": 78256606588.46623,
  "runrate_gbp_per_year": 8006610461.561167,
  "rate_gbp_per_sec": 253.71417539867312,
  "per_household_per_year_gbp": 276.09,
  "per_person_per_year_gbp": 115.53,
  "per_mwh_delivered_gbp": 29.24,
  "since_year": 2002,
  "real_2024": {
   "cumulative_gbp": 95819581508.1595,
   "runrate_gbp_per_year": 7710713987.981732,
   "rate_gbp_per_sec": 244.3377819600265,
   "per_household_per_year_gbp": 265.88,
   "per_person_per_year_gbp": 111.26,
   "per_mwh_delivered_gbp": 28.16
  }
 }
}